-- phpMyAdmin SQL Dump
-- version 3.4.5
-- http://www.phpmyadmin.net
--
-- Host: localhost
-- Generation Time: Aug 20, 2019 at 05:35 PM
-- Server version: 5.5.16
-- PHP Version: 5.3.8

SET SQL_MODE="NO_AUTO_VALUE_ON_ZERO";
SET time_zone = "+00:00";


/*!40101 SET @OLD_CHARACTER_SET_CLIENT=@@CHARACTER_SET_CLIENT */;
/*!40101 SET @OLD_CHARACTER_SET_RESULTS=@@CHARACTER_SET_RESULTS */;
/*!40101 SET @OLD_COLLATION_CONNECTION=@@COLLATION_CONNECTION */;
/*!40101 SET NAMES utf8 */;

--
-- Database: `codechoc_ventanilla`
--

-- --------------------------------------------------------

--
-- Table structure for table `actividad`
--
-- Creation: Aug 02, 2019 at 03:27 PM
--

CREATE TABLE IF NOT EXISTS `actividad` (
  `id` int(11) NOT NULL AUTO_INCREMENT,
  `nombre` varchar(100) COLLATE utf8_bin NOT NULL,
  PRIMARY KEY (`id`)
) ENGINE=InnoDB  DEFAULT CHARSET=utf8 COLLATE=utf8_bin AUTO_INCREMENT=4 ;

--
-- Dumping data for table `actividad`
--

INSERT INTO `actividad` (`id`, `nombre`) VALUES
(1, 'Producción materia prima'),
(2, 'Transformación'),
(3, 'Comercialización');

-- --------------------------------------------------------

--
-- Table structure for table `actividades`
--
-- Creation: Aug 02, 2019 at 03:27 PM
--

CREATE TABLE IF NOT EXISTS `actividades` (
  `id` int(11) NOT NULL AUTO_INCREMENT,
  `empresa_id` int(11) NOT NULL,
  `opciones_id` int(11) NOT NULL,
  `recurso_id` int(11) NOT NULL,
  `descripcion` varchar(50) COLLATE utf8_bin NOT NULL,
  `confirmacion` varchar(10) COLLATE utf8_bin NOT NULL,
  PRIMARY KEY (`id`),
  KEY `recurso_id` (`recurso_id`),
  KEY `opciones_id` (`opciones_id`),
  KEY `empresa_id` (`empresa_id`)
) ENGINE=InnoDB  DEFAULT CHARSET=utf8 COLLATE=utf8_bin AUTO_INCREMENT=13 ;

--
-- Dumping data for table `actividades`
--

INSERT INTO `actividades` (`id`, `empresa_id`, `opciones_id`, `recurso_id`, `descripcion`, `confirmacion`) VALUES
(1, 1, 57, 1, '', 'no'),
(2, 1, 58, 1, '', 'no'),
(3, 1, 59, 1, '', 'no'),
(4, 1, 60, 1, '', 'no'),
(5, 2, 57, 1, '', 'no'),
(6, 2, 58, 1, '', 'no'),
(7, 2, 59, 1, '', 'no'),
(8, 2, 60, 1, '', 'no'),
(9, 4, 57, 1, '', 'no'),
(10, 4, 58, 1, '', 'no'),
(11, 4, 59, 1, '', 'no'),
(12, 4, 60, 1, '', 'no');

-- --------------------------------------------------------

--
-- Table structure for table `actividad_empresa`
--
-- Creation: Aug 02, 2019 at 03:27 PM
--

CREATE TABLE IF NOT EXISTS `actividad_empresa` (
  `id` int(11) NOT NULL AUTO_INCREMENT,
  `empresa_id` int(11) NOT NULL,
  `actividad_id` int(11) NOT NULL,
  `confirmacion` varchar(3) COLLATE utf8_bin NOT NULL,
  PRIMARY KEY (`id`),
  KEY `empresa_id` (`empresa_id`),
  KEY `actividad_item_id` (`actividad_id`)
) ENGINE=InnoDB  DEFAULT CHARSET=utf8 COLLATE=utf8_bin AUTO_INCREMENT=13 ;

--
-- Dumping data for table `actividad_empresa`
--

INSERT INTO `actividad_empresa` (`id`, `empresa_id`, `actividad_id`, `confirmacion`) VALUES
(1, 1, 1, 'no'),
(2, 1, 2, 'no'),
(3, 1, 3, 'no'),
(4, 2, 1, 'no'),
(5, 2, 2, 'si'),
(6, 2, 3, 'si'),
(10, 4, 1, 'si'),
(11, 4, 2, 'si'),
(12, 4, 3, 'no');

-- --------------------------------------------------------

--
-- Table structure for table `alias`
--
-- Creation: Aug 02, 2019 at 03:27 PM
--

CREATE TABLE IF NOT EXISTS `alias` (
  `id` int(11) NOT NULL AUTO_INCREMENT,
  `nombre` varchar(50) COLLATE utf8_bin NOT NULL,
  PRIMARY KEY (`id`)
) ENGINE=InnoDB  DEFAULT CHARSET=utf8 COLLATE=utf8_bin AUTO_INCREMENT=6 ;

--
-- Dumping data for table `alias`
--

INSERT INTO `alias` (`id`, `nombre`) VALUES
(1, 'Quienes somos'),
(2, 'Servicios'),
(3, 'Negocios verdes'),
(4, 'Noticias'),
(5, 'Mercados evaluados');

-- --------------------------------------------------------

--
-- Table structure for table `aplica_noaplica`
--
-- Creation: Aug 02, 2019 at 03:27 PM
--

CREATE TABLE IF NOT EXISTS `aplica_noaplica` (
  `id` int(11) NOT NULL AUTO_INCREMENT,
  `nombre` varchar(30) COLLATE utf8_bin NOT NULL,
  PRIMARY KEY (`id`)
) ENGINE=InnoDB  DEFAULT CHARSET=utf8 COLLATE=utf8_bin AUTO_INCREMENT=3 ;

--
-- Dumping data for table `aplica_noaplica`
--

INSERT INTO `aplica_noaplica` (`id`, `nombre`) VALUES
(1, 'Aplica'),
(2, 'No aplica');

-- --------------------------------------------------------

--
-- Table structure for table `archivo_page`
--
-- Creation: Aug 02, 2019 at 03:27 PM
--

CREATE TABLE IF NOT EXISTS `archivo_page` (
  `id` int(11) NOT NULL AUTO_INCREMENT,
  `nombre` varchar(70) COLLATE utf8_bin NOT NULL,
  `ruta` varchar(100) COLLATE utf8_bin NOT NULL,
  `alias_id` int(11) NOT NULL,
  PRIMARY KEY (`id`),
  KEY `contenido_id` (`alias_id`)
) ENGINE=InnoDB  DEFAULT CHARSET=utf8 COLLATE=utf8_bin AUTO_INCREMENT=7 ;

--
-- Dumping data for table `archivo_page`
--

INSERT INTO `archivo_page` (`id`, `nombre`, `ruta`, `alias_id`) VALUES
(5, 'plan nacional de negocios verdes', 'Plan_Nacional_de_Negocios_Verdes.pdf', 3),
(6, 'plan regional de negocios verdes', 'Plan_Regional_Negocios_Pacifico.pdf', 3);

-- --------------------------------------------------------

--
-- Table structure for table `area`
--
-- Creation: Aug 02, 2019 at 03:27 PM
--

CREATE TABLE IF NOT EXISTS `area` (
  `id` int(11) NOT NULL AUTO_INCREMENT,
  `nombre` varchar(150) COLLATE utf8_bin NOT NULL,
  PRIMARY KEY (`id`)
) ENGINE=InnoDB  DEFAULT CHARSET=utf8 COLLATE=utf8_bin AUTO_INCREMENT=2 ;

--
-- Dumping data for table `area`
--

INSERT INTO `area` (`id`, `nombre`) VALUES
(1, 'No aplica');

-- --------------------------------------------------------

--
-- Table structure for table `calificacion`
--
-- Creation: Aug 02, 2019 at 03:27 PM
--

CREATE TABLE IF NOT EXISTS `calificacion` (
  `id` int(11) NOT NULL AUTO_INCREMENT,
  `nombre` varchar(10) COLLATE utf8_bin NOT NULL,
  PRIMARY KEY (`id`)
) ENGINE=InnoDB  DEFAULT CHARSET=utf8 COLLATE=utf8_bin AUTO_INCREMENT=5 ;

--
-- Dumping data for table `calificacion`
--

INSERT INTO `calificacion` (`id`, `nombre`) VALUES
(1, '0'),
(2, '0.5'),
(3, '1'),
(4, 'N/A');

-- --------------------------------------------------------

--
-- Table structure for table `caracteristica_etapa_empresa`
--
-- Creation: Aug 16, 2019 at 09:51 PM
--

CREATE TABLE IF NOT EXISTS `caracteristica_etapa_empresa` (
  `id` int(11) NOT NULL AUTO_INCREMENT,
  `empresa_id` int(11) DEFAULT NULL,
  `etapa_empresa_id` int(11) DEFAULT NULL,
  `fecha_registro` timestamp NULL DEFAULT CURRENT_TIMESTAMP,
  PRIMARY KEY (`id`)
) ENGINE=InnoDB DEFAULT CHARSET=utf8 COLLATE=utf8_unicode_ci AUTO_INCREMENT=1 ;

-- --------------------------------------------------------

--
-- Table structure for table `caracteristica_socio_empleado`
--
-- Creation: Aug 02, 2019 at 03:27 PM
--

CREATE TABLE IF NOT EXISTS `caracteristica_socio_empleado` (
  `id` int(11) NOT NULL AUTO_INCREMENT,
  `nombre` varchar(100) COLLATE utf8_bin NOT NULL,
  PRIMARY KEY (`id`)
) ENGINE=InnoDB  DEFAULT CHARSET=utf8 COLLATE=utf8_bin AUTO_INCREMENT=4 ;

--
-- Dumping data for table `caracteristica_socio_empleado`
--

INSERT INTO `caracteristica_socio_empleado` (`id`, `nombre`) VALUES
(1, 'Número de socios'),
(2, 'Socios vinculados laboralmente con la empresa'),
(3, 'Número de empleados');

-- --------------------------------------------------------

--
-- Table structure for table `caracterizacion_demografia_empresa`
--
-- Creation: Aug 16, 2019 at 09:12 PM
--

CREATE TABLE IF NOT EXISTS `caracterizacion_demografia_empresa` (
  `id` int(11) NOT NULL AUTO_INCREMENT,
  `empresa_id` int(11) NOT NULL,
  `demografia_id` int(11) NOT NULL,
  `estado` int(11) NOT NULL,
  `cantidad` int(11) NOT NULL,
  PRIMARY KEY (`id`),
  KEY `empresa_id` (`empresa_id`),
  KEY `desc_demografia_id` (`demografia_id`),
  KEY `si_no_id` (`estado`)
) ENGINE=InnoDB  DEFAULT CHARSET=utf8 COLLATE=utf8_bin COMMENT=' condiciones especiales empleados' AUTO_INCREMENT=29 ;

--
-- Dumping data for table `caracterizacion_demografia_empresa`
--

INSERT INTO `caracterizacion_demografia_empresa` (`id`, `empresa_id`, `demografia_id`, `estado`, `cantidad`) VALUES
(1, 1, 1, 2, 0),
(2, 1, 2, 2, 0),
(3, 1, 3, 2, 0),
(4, 1, 4, 2, 0),
(5, 1, 5, 2, 0),
(6, 1, 6, 2, 0),
(7, 1, 7, 2, 0),
(8, 2, 1, 2, 0),
(9, 2, 2, 2, 0),
(10, 2, 3, 2, 0),
(11, 2, 4, 1, 1),
(12, 2, 5, 2, 0),
(13, 2, 6, 2, 0),
(14, 2, 7, 2, 0),
(22, 4, 1, 1, 1),
(23, 4, 2, 1, 0),
(24, 4, 3, 2, 0),
(25, 4, 4, 1, 0),
(26, 4, 5, 2, 0),
(27, 4, 6, 1, 0),
(28, 4, 7, 2, 0);

-- --------------------------------------------------------

--
-- Table structure for table `caracterizacion_empleado_educativo`
--
-- Creation: Aug 02, 2019 at 03:27 PM
--

CREATE TABLE IF NOT EXISTS `caracterizacion_empleado_educativo` (
  `id` int(11) NOT NULL AUTO_INCREMENT,
  `empresa_id` int(11) NOT NULL,
  `nivel_id` int(11) NOT NULL,
  `cantiad` int(11) NOT NULL,
  PRIMARY KEY (`id`),
  KEY `empresa_id` (`empresa_id`),
  KEY `nivel_id` (`nivel_id`)
) ENGINE=InnoDB  DEFAULT CHARSET=utf8 COLLATE=utf8_bin COMMENT='caracterizacion empleado por nivel de educacion' AUTO_INCREMENT=21 ;

--
-- Dumping data for table `caracterizacion_empleado_educativo`
--

INSERT INTO `caracterizacion_empleado_educativo` (`id`, `empresa_id`, `nivel_id`, `cantiad`) VALUES
(1, 1, 1, 0),
(2, 1, 2, 0),
(3, 1, 3, 0),
(4, 1, 4, 0),
(5, 1, 5, 0),
(6, 2, 1, 1),
(7, 2, 2, 2),
(8, 2, 3, 0),
(9, 2, 4, 0),
(10, 2, 5, 0),
(16, 4, 1, 10),
(17, 4, 2, 20),
(18, 4, 3, 0),
(19, 4, 4, 0),
(20, 4, 5, 0);

-- --------------------------------------------------------

--
-- Table structure for table `caracterizacion_empresa_bien_servicio`
--
-- Creation: Aug 16, 2019 at 09:49 PM
--

CREATE TABLE IF NOT EXISTS `caracterizacion_empresa_bien_servicio` (
  `id` int(11) NOT NULL AUTO_INCREMENT,
  `empresa_id` int(11) NOT NULL,
  `nombre` varchar(40) COLLATE utf8_bin NOT NULL,
  `lider_estado` int(11) NOT NULL,
  PRIMARY KEY (`id`),
  KEY `empresa_id` (`empresa_id`)
) ENGINE=InnoDB  DEFAULT CHARSET=utf8 COLLATE=utf8_bin AUTO_INCREMENT=25 ;

--
-- Dumping data for table `caracterizacion_empresa_bien_servicio`
--

INSERT INTO `caracterizacion_empresa_bien_servicio` (`id`, `empresa_id`, `nombre`, `lider_estado`) VALUES
(1, 1, 'Crema de aloe vera', 0),
(2, 1, 'Crema de Cacao y Cebo de Cordero', 0),
(3, 1, 'Crema de Cascara de Banano', 0),
(4, 1, 'Extracto de Suelda con Suelda', 0),
(5, 1, 'Extracto de Limoncillo', 0),
(6, 1, '', 0),
(7, 2, 'Cocadas de diferentes sabores', 0),
(8, 2, 'Galletas de diferentes sabores', 0),
(9, 2, 'Enyucados', 0),
(10, 2, '', 0),
(11, 2, '', 0),
(12, 2, '', 0),
(19, 4, 'CAFÉ', 0),
(20, 4, 'FRUTAS', 0),
(21, 4, '', 0),
(22, 4, '', 0),
(23, 4, '', 0),
(24, 4, '', 0);

-- --------------------------------------------------------

--
-- Table structure for table `caracterizacion_organizacion_empresa`
--
-- Creation: Aug 16, 2019 at 09:55 PM
--

CREATE TABLE IF NOT EXISTS `caracterizacion_organizacion_empresa` (
  `id` int(11) NOT NULL AUTO_INCREMENT,
  `constitucion_legal_estado` int(11) DEFAULT NULL,
  `opera_actualmente_estado` int(11) DEFAULT NULL,
  `anio_funcionamiento_registro` int(11) DEFAULT NULL COMMENT 'Funcionamiento en meses si esta constituida	',
  `anio_funcionamiento_empresa` int(11) DEFAULT NULL COMMENT 'Año de funcionamiento desde que está constituida en meses',
  PRIMARY KEY (`id`)
) ENGINE=InnoDB DEFAULT CHARSET=utf8 COLLATE=utf8_unicode_ci AUTO_INCREMENT=1 ;

-- --------------------------------------------------------

--
-- Table structure for table `caracterizacion_vinculacion_empresa`
--
-- Creation: Aug 02, 2019 at 03:27 PM
--

CREATE TABLE IF NOT EXISTS `caracterizacion_vinculacion_empresa` (
  `id` int(11) NOT NULL AUTO_INCREMENT,
  `empresa_id` int(11) NOT NULL,
  `vinculacion_id` int(11) NOT NULL,
  `cantidad` varchar(10) COLLATE utf8_bin NOT NULL,
  PRIMARY KEY (`id`),
  KEY `empresa_id` (`empresa_id`),
  KEY `vinculacion_id` (`vinculacion_id`)
) ENGINE=InnoDB  DEFAULT CHARSET=utf8 COLLATE=utf8_bin COMMENT='caracterizacion empleado por vinculacion' AUTO_INCREMENT=13 ;

--
-- Dumping data for table `caracterizacion_vinculacion_empresa`
--

INSERT INTO `caracterizacion_vinculacion_empresa` (`id`, `empresa_id`, `vinculacion_id`, `cantidad`) VALUES
(1, 1, 1, ''),
(2, 1, 2, ''),
(3, 1, 3, ''),
(4, 2, 1, ''),
(5, 2, 2, '1'),
(6, 2, 3, '2'),
(10, 4, 1, '20'),
(11, 4, 2, '5'),
(12, 4, 3, '5');

-- --------------------------------------------------------

--
-- Table structure for table `categoria`
--
-- Creation: Aug 02, 2019 at 03:27 PM
--

CREATE TABLE IF NOT EXISTS `categoria` (
  `id` int(11) NOT NULL AUTO_INCREMENT,
  `nombre` varchar(100) COLLATE utf8_bin NOT NULL,
  PRIMARY KEY (`id`)
) ENGINE=InnoDB  DEFAULT CHARSET=utf8 COLLATE=utf8_bin AUTO_INCREMENT=4 ;

--
-- Dumping data for table `categoria`
--

INSERT INTO `categoria` (`id`, `nombre`) VALUES
(1, 'Bienes y servicios sostenibles provenientes de recursos naturales\r\n\r\n'),
(2, 'Ecoproductos Industriales\r\n'),
(3, 'Mercados de Carbono\r\n');

-- --------------------------------------------------------

--
-- Table structure for table `certificacion`
--
-- Creation: Aug 02, 2019 at 03:27 PM
--

CREATE TABLE IF NOT EXISTS `certificacion` (
  `id` int(11) NOT NULL AUTO_INCREMENT,
  `empresa_id` int(11) NOT NULL,
  `opciones_id` int(11) NOT NULL,
  `etapa_id` int(11) NOT NULL,
  `vigencia` varchar(30) COLLATE utf8_bin NOT NULL,
  `observacion` varchar(50) COLLATE utf8_bin NOT NULL,
  `confirmacion` varchar(10) COLLATE utf8_bin NOT NULL,
  PRIMARY KEY (`id`),
  KEY `empresa_id` (`empresa_id`),
  KEY `opciones_id` (`opciones_id`),
  KEY `etapa_id` (`etapa_id`)
) ENGINE=InnoDB  DEFAULT CHARSET=utf8 COLLATE=utf8_bin AUTO_INCREMENT=22 ;

--
-- Dumping data for table `certificacion`
--

INSERT INTO `certificacion` (`id`, `empresa_id`, `opciones_id`, `etapa_id`, `vigencia`, `observacion`, `confirmacion`) VALUES
(1, 1, 66, 1, '', '', 'no'),
(2, 1, 67, 1, '', '', 'no'),
(3, 1, 68, 1, '', '', 'no'),
(4, 1, 69, 1, '', '', 'no'),
(5, 1, 70, 1, '', '', 'no'),
(6, 1, 71, 1, '', '', 'no'),
(7, 1, 72, 1, '', '', 'no'),
(8, 2, 66, 1, '', '', 'no'),
(9, 2, 67, 1, '', '', 'no'),
(10, 2, 68, 1, '', '', 'no'),
(11, 2, 69, 1, '', '', 'no'),
(12, 2, 70, 1, '', '', 'no'),
(13, 2, 71, 1, '', '', 'no'),
(14, 2, 72, 1, '', '', 'no'),
(15, 4, 66, 3, '', '', 'si'),
(16, 4, 67, 1, '', '', 'no'),
(17, 4, 68, 1, '', '', 'no'),
(18, 4, 69, 1, '', '', 'no'),
(19, 4, 70, 1, '', '', 'no'),
(20, 4, 71, 1, '', '', 'no'),
(21, 4, 72, 1, '', '', 'no');

-- --------------------------------------------------------

--
-- Table structure for table `conservacion`
--
-- Creation: Aug 02, 2019 at 03:27 PM
--

CREATE TABLE IF NOT EXISTS `conservacion` (
  `id` int(11) NOT NULL AUTO_INCREMENT,
  `empresa_id` int(11) NOT NULL,
  `opciones_id` int(11) NOT NULL,
  `area` varchar(15) COLLATE utf8_bin NOT NULL,
  `descripcion` text COLLATE utf8_bin NOT NULL,
  `confirmacion` varchar(10) COLLATE utf8_bin NOT NULL,
  PRIMARY KEY (`id`),
  KEY `empresa_id` (`empresa_id`),
  KEY `opciones_id` (`opciones_id`)
) ENGINE=InnoDB  DEFAULT CHARSET=utf8 COLLATE=utf8_bin AUTO_INCREMENT=40 ;

--
-- Dumping data for table `conservacion`
--

INSERT INTO `conservacion` (`id`, `empresa_id`, `opciones_id`, `area`, `descripcion`, `confirmacion`) VALUES
(1, 1, 29, '', '', 'no'),
(2, 1, 30, '', '', 'no'),
(3, 1, 31, '', '', 'no'),
(4, 1, 32, '', '', 'no'),
(5, 1, 33, '', '', 'no'),
(6, 1, 34, '', '', 'no'),
(7, 1, 35, '', '', 'no'),
(8, 1, 36, '', '', 'no'),
(9, 1, 37, '', '', 'no'),
(10, 1, 38, '', '', 'no'),
(11, 1, 39, '', '', 'no'),
(12, 1, 40, '', '', 'no'),
(13, 1, 41, '', '', 'no'),
(14, 2, 29, '', '', 'no'),
(15, 2, 30, '', '', 'no'),
(16, 2, 31, '', '', 'no'),
(17, 2, 32, '', '', 'no'),
(18, 2, 33, '', '', 'no'),
(19, 2, 34, '', '', 'no'),
(20, 2, 35, '', '', 'no'),
(21, 2, 36, '', '', 'no'),
(22, 2, 37, '', '', 'no'),
(23, 2, 38, '', '', 'no'),
(24, 2, 39, '', '', 'no'),
(25, 2, 40, '', '', 'no'),
(26, 2, 41, '', '', 'no'),
(27, 4, 29, '', '', 'no'),
(28, 4, 30, '', '', 'no'),
(29, 4, 31, '', '', 'si'),
(30, 4, 32, '', '', 'no'),
(31, 4, 33, '', '', 'no'),
(32, 4, 34, '', '', 'no'),
(33, 4, 35, '', '', 'si'),
(34, 4, 36, '', '', 'si'),
(35, 4, 37, '', '', 'no'),
(36, 4, 38, '', '', 'no'),
(37, 4, 39, '', '', 'no'),
(38, 4, 40, '', '', 'no'),
(39, 4, 41, '', '', 'no');

-- --------------------------------------------------------

--
-- Table structure for table `contacto_persona`
--
-- Creation: Aug 16, 2019 at 10:32 PM
--

CREATE TABLE IF NOT EXISTS `contacto_persona` (
  `id` int(11) NOT NULL,
  `persona_id` int(11) NOT NULL,
  `contacto` varchar(100) COLLATE utf8_unicode_ci NOT NULL,
  `tipo_contacto_id` int(1) NOT NULL,
  `fechacreacion` timestamp NOT NULL DEFAULT CURRENT_TIMESTAMP
) ENGINE=InnoDB DEFAULT CHARSET=utf8 COLLATE=utf8_unicode_ci COMMENT='almacena los datos de contacto de las personas';

-- --------------------------------------------------------

--
-- Table structure for table `contenido`
--
-- Creation: Aug 02, 2019 at 03:27 PM
--

CREATE TABLE IF NOT EXISTS `contenido` (
  `id` int(11) NOT NULL AUTO_INCREMENT,
  `titulo` varchar(60) COLLATE utf8_bin NOT NULL,
  `alias_id` int(11) NOT NULL,
  `descripcion` text COLLATE utf8_bin NOT NULL,
  `id_img_page` int(11) NOT NULL,
  PRIMARY KEY (`id`),
  KEY `id_img_page` (`id_img_page`),
  KEY `alias` (`alias_id`)
) ENGINE=InnoDB  DEFAULT CHARSET=utf8 COLLATE=utf8_bin AUTO_INCREMENT=19 ;

--
-- Dumping data for table `contenido`
--

INSERT INTO `contenido` (`id`, `titulo`, `alias_id`, `descripcion`, `id_img_page`) VALUES
(8, 'Negocios Verdes', 3, 0x3c70207374796c653d22746578742d616c69676e3a206a7573746966793b20223e436f6e74656d706c61206c61732061637469766964616465732065636f6ec3b36d6963617320656e206c617320717565207365206f66657274616e206269656e6573206f20736572766963696f732c207175652067656e6572616e20696d706163746f7320616d6269656e74616c657320706f73697469766f732079206164656dc3a17320696e636f72706f72616e206275656e6173207072c3a163746963617320616d6269656e74616c65732c20736f6369616c657320792065636f6ec3b36d6963617320636f6e20656e666f717565206465206369636c6f20646520766964612c20636f6e747269627579656e646f2061206c6120636f6e73657276616369c3b36e2064656c20616d6269656e746520636f6d6f206361706974616c206e61747572616c2071756520736f706f72746120656c206465736172726f6c6c6f2064656c207465727269746f72696f2e3c2f703e, 8),
(9, 'Identificación de los bienes y servicios de negocios verdes ', 3, 0x3c703e45732072656c6576616e746520706f727175653a3c2f703e3c703e3c6f6c3e3c6c693e50726f6d7565766520706174726f6e65732064652070726f6475636369c3b36e207920636f6e73756d6f20736f7374656e69626c6573206465206269656e6573207920736572766963696f73206465206c6f73206e65676f63696f7320766572646573207920736f7374656e69626c65732e3c62723e3c2f6c693e3c6c693e50726f7069636961206c6120637265616369c3b36e20646520756e612063756c7475726120616c696e6561646120636f6e207072696e636970696f7320616d6269656e74616c65732c20736f6369616c6573207920c3a97469636f732e3c62723e3c2f6c693e3c6c693e466163696c697461206c6120746f6d61206465206465636973696f6e65732061206c6f7320636f6e73756d69646f726573202870c3ba626c69636f73206f207072697661646f732920616c206d6f6d656e746f20646520656c6567697220756e206269656e207920736572766963696f2e3c62723e3c2f6c693e3c6c693e5669736962696c697a6120756e61206f6665727461206465206269656e6573207920736572766963696f73206465206361726120616c206d65726361646f206e6163696f6e616c206520696e7465726e6163696f6e616c2e3c62723e3c2f6c693e3c2f6f6c3e3c2f703e, 6),
(10, 'Criterios para identificar los Negocios Verdes', 3, 0x3c6f6c3e3c6c693e56696162696c696461642065636f6ec3b36d6963612064656c206e65676f63696f3c62723e3c2f6c693e3c6c693e496d706163746f20616d6269656e74616c20706f73697469766f2064656c206269656e206f20736572766963696f3c62723e3c2f6c693e3c6c693e456e666f717565206465206369636c6f20646520766964612064656c206269656e206f20736572766963696f3c62723e3c2f6c693e3c6c693e5669646120c39a74696c3c62723e3c2f6c693e3c6c693e4e6f2075736f2064652073757374616e63696173206f206d6174657269616c65732070656c6967726f736f733c62723e3c2f6c693e3c6c693e52656369636c6162696c69646164206465206c6f73206d6174657269616c657320792075736f206465206d6174657269616c65732072656369636c61646f733c62723e3c2f6c693e3c6c693e55736f206566696369656e7465207920736f7374656e69626c65206465207265637572736f732070617261206c612070726f6475636369c3b36e2064656c206269656e206f20736572766963696f3c62723e3c2f6c693e3c6c693e526573706f6e736162696c6964616420736f6369616c20616c20696e746572696f72206465206c6120656d70726573613c62723e3c2f6c693e3c6c693e526573706f6e736162696c6964616420736f6369616c207920616d6269656e74616c20656e206c6120636164656e612064652076616c6f72206465206c6120656d70726573613c62723e3c2f6c693e3c6c693e526573706f6e736162696c6964616420736f6369616c207920616d6269656e74616c20616c206578746572696f72206465206c6120656d70726573613c62723e3c2f6c693e3c6c693e436f6d756e6963616369c3b36e20646520617472696275746f7320736f6369616c6573206f20616d6269656e74616c65732061736f636961646f7320616c206269656e206f20736572766963696f3c62723e3c2f6c693e3c6c693e45737175656d61732c2070726f6772616d6173206f207265636f6e6f63696d69656e746f7320616d6269656e74616c6573206f20736f6369616c657320696d706c656d656e7461646f73206f20726563696269646f733c62723e3c2f6c693e3c2f6f6c3e, 6),
(11, 'HISTORIA', 1, 0x3c7020636c6173733d224d736f4e6f726d616c22207374796c653d22746578742d616c69676e3a6a7573746966793b746578742d6a7573746966793a696e7465722d6964656f6772617068223e3c7370616e206c616e673d2245532d5452414422207374796c653d22666f6e742d73697a653a31312e3070743b666f6e742d66616d696c793a2671756f743b417269616c2671756f743b2c73616e732d7365726966223e456c20506c616e0a4e6163696f6e616c206465204e65676f63696f73205665726465732065737461626c656369c3b3206c61732056656e74616e696c6c6173206f206e6f646f73206465206e65676f63696f73207665726465732c0a79206c6f7320646566696e69c3b320636f6d6f20677275706f732074c3a9636e69636f732079206465206765737469c3b36e20616c20696e746572696f7220646520436f72706f726163696f6e65730a417574c3b36e6f6d617320526567696f6e616c65732079204175746f7269646164657320416d6269656e74616c657320557262616e61732c206c6173206375616c65732073652070756564656e0a6f7065726172206d656469616e746520616c69616e7a6120636f6e20756e6120656e746964616420646520656d7072656e64696d69656e746f2c207369656e646f206c61206d697369c3b36e2064650a65737461732c20706f736963696f6e6172206c6f73206e65676f63696f732076657264657320636f6d6f20756e206e7565766f2072656e676cc3b36e206465206c612065636f6e6f6dc3ad610a726567696f6e616c2028504e4e562c2032303134292e3c2f7370616e3e3c2f703e3c7020636c6173733d224d736f4e6f726d616c22207374796c653d22746578742d616c69676e3a6a7573746966793b746578742d6a7573746966793a696e7465722d6964656f6772617068223e3c7370616e206c616e673d2245532d5452414422207374796c653d22666f6e742d73697a653a31312e3070743b666f6e742d66616d696c793a2671756f743b417269616c2671756f743b2c73616e732d7365726966223e456e20656c0a43686f63c3b32c206c612056656e74616e696c6c6120736520666f726d616c697a61206d656469616e7465206c61205265736f6c756369c3b36e20303731206465206a756e696f20372064650a323031362c2062616a6f20656c206e6f6d62726520646520e2809c56656e74616e696c6c6120646520456d7072656e64696d69656e746f7320566572646573e2809d2c20657374c3a120616473637269746120610a6c612053756264697265636369c3b36e20646520506c616e65616369c3b36e2c2079206f706572612062616a6f20616c69616e7a6120696e746572696e737469747563696f6e616c2c20656e206c610a717565207061727469636970616e20696e737469747563696f6e65732070c3ba626c69636173207920707269766164617320636f6e20617369656e746f20656e20656c20446570617274616d656e746f0a64656c2043686f63c3b32c206f7267616e697a616461732062616a6f206c6120666967757261206465204d65736120446570617274616d656e74616c206465204e65676f63696f73205665726465730a64656c2043686f63c3b32e203c6f3a703e3c2f6f3a703e3c2f7370616e3e3c2f703e3c703e3c7370616e206c616e673d2245532d5452414422207374796c653d22666f6e742d73697a653a31312e3070743b666f6e742d66616d696c793a2671756f743b417269616c2671756f743b2c73616e732d73657269663b6d736f2d626964692d666f6e742d7374796c653a0a6974616c6963223e3c6f3a703e3c7370616e206c616e673d2245532d5452414422207374796c653d22746578742d616c69676e3a206a7573746966793b20666f6e742d73697a653a20313170743b223e4c612076656e74616e696c6c61207365206c616e7ac3b3206f66696369616c6d656e746520656c203137206465206e6f7669656d6272652064656c20323031362c20656e20656c0a6d6172636f206465206c6120466572696120646520446574c3b36e6174652c20636f6e206c612070726573656e63696120643c2f7370616e3e3c7370616e206c616e673d2245532d5452414422207374796c653d22746578742d616c69676e3a206a7573746966793b20666f6e742d73697a653a20313170743b20636f6c6f723a20626c61636b3b223e656c204d4144532c20656e20636162657a612064656c203c2f7370616e3e3c7370616e206c616e673d2245532d5452414422207374796c653d22746578742d616c69676e3a206a7573746966793b20666f6e742d73697a653a20313170743b223e4452204d4155524943494f204d4952412c206469726563746f72206465206c61204f666963696e612064650a4e65676f63696f73205665726465732c2064656c204d4144532c20656c2044722e205445c39346494c4f2043554553544120424f524a412c204469726563746f7220646520434f444543484f43c3932c0a7920656c20436f6f7264696e61646f206465206c612056656e74616e696c6c612050726f666573696f6e616c20457370656369616c697a61646f20594f56414e4e5920524f4452c38d4755455a0a43c39352444f42412e3c2f7370616e3e3c2f6f3a703e3c2f7370616e3e3c62723e3c2f703e3c703e3c7370616e207374796c653d22666f6e742d66616d696c793a20417269616c2c2073616e732d73657269663b20666f6e742d73697a653a20313170743b20746578742d616c69676e3a206a7573746966793b223e446573646520737520696d706c656d656e74616369c3b36e2c206c612056656e74616e696c6c61207469656e652076696e63756c6164617320666f726d616c6d656e74652038300a6d6963726f656d70726573617320646520766172696f7320736563746f726573206c6173206375616c657320736f6e2061636f6d7061c3b16164617320706f72206c6173206469666572656e7465730a6465206c61204d65736120446570617274616d656e74616c206465204e65676f63696f73205665726465732e2044656e74726f20646520657374652070726f6365736f20736520726573616c74616e0a6c6f73206573667565727a6f73266e6273703b207265616c697a61646f20706f72206c6120616c69616e7a610a436f646563686f63c3b32c20494941502c20575750207920656c205050442064656c20504e55442c20612074726176c3a97320646520636f6e206c61206375616c207365207669656e656e0a666f7274616c656369656e646f203135206d6963726f656d7072657361733b207920656c20436f6e76656e696f204d4144532d55452c20612074726176c3a9732064656c206375616c2073650a657374c3a16e2061706f79616e646f203233206d6963726f656d707265736173207920636f6e20756e612070726f7965636369c3b36e2064652061706f796172203130206e75657661730a656d70726573617320656e20656c20736567756e646f2073656d65737472652064652032303138266e6273703b0a7061726120756e20746f74616c20646520333320656e206c612072656769c3b36e2e3c2f7370616e3e3c2f703e, 7),
(13, 'MISIÓN', 1, 0x3c703e3c7370616e206c616e673d2245532d5452414422207374796c653d22666f6e742d73697a653a31322e3070743b666f6e742d66616d696c793a0d0a2671756f743b417269616c2671756f743b2c73616e732d73657269663b6d736f2d666172656173742d666f6e742d66616d696c793a2671756f743b4d53204d696e63686f2671756f743b3b6d736f2d616e73692d6c616e67756167653a45532d545241443b0d0a6d736f2d666172656173742d6c616e67756167653a45533b6d736f2d626964692d6c616e67756167653a41522d5341223e466f6d656e74617220656c206465736172726f6c6c6f0d0a65636f6ec3b36d69636f206c6f63616c2c206c612067656e6572616369c3b36e20646520656d7072657361732c20656d706c656f732c207920656c206d656a6f72616d69656e746f206465206c610d0a63616c696461642064652076696461206465206c6120706f626c616369c3b36e2c2061706c6963616e646f206c6f73207072696e636970696f732064656c204465736172726f6c6c6f0d0a536f7374656e69626c652e3c2f7370616e3e3c2f703e, 6),
(14, 'VISIÓN', 1, 0x3c7020636c6173733d224d736f4e6f726d616c22207374796c653d22746578742d616c69676e3a6a7573746966793b746578742d6a7573746966793a696e7465722d6964656f6772617068223e3c7370616e206c616e673d2245532d5452414422207374796c653d22666f6e742d66616d696c793a2671756f743b417269616c2671756f743b2c73616e732d7365726966223e536572207265636f6e6f6369646120636f6d6f20756e610d0a756e696461642074c3a9636e6963612079206465206765737469c3b36e2c207175652070726f6d7565766520656c20706f736963696f6e616d69656e746f206465206c612042696f65636f6e6f6dc3ad610d0a7061726120656c204465736172726f6c6c6f2045636f6ec3b36d69636f204c6f63616c2064656c2043686f63c3b32e3c6f3a703e3c2f6f3a703e3c2f7370616e3e3c2f703e, 6),
(15, 'Objetivos específicos que persiguen las ventanillas', 1, 0x3c7020636c6173733d224d736f4e6f726d616c22207374796c653d22223e3c7370616e206c616e673d2245532d5452414422207374796c653d22223e3c7374726f6e673e4172746963756c6172206c6120696e737469747563696f6e616c696461643c2f7374726f6e673e3c2f7370616e3e3c2f703e3c7020636c6173733d224d736f4c69737450617261677261706843785370466972737422207374796c653d226d617267696e2d6c6566743a20313870743b223e3c212d2d5b69662021737570706f72744c697374735d2d2d3e3c7370616e206c616e673d2245532d5452414422207374796c653d22223ec2b73c7370616e207374796c653d22666f6e742d76617269616e742d6e756d657269633a206e6f726d616c3b20666f6e742d76617269616e742d656173742d617369616e3a206e6f726d616c3b20666f6e742d737472657463683a206e6f726d616c3b206c696e652d6865696768743a206e6f726d616c3b223e266e6273703b266e6273703b266e6273703b266e6273703b266e6273703b266e6273703b266e6273703b266e6273703b0d0a3c2f7370616e3e3c2f7370616e3e3c212d2d5b656e6469665d2d2d3e3c7370616e206c616e673d2245532d5452414422207374796c653d22223e4c6964657261722c20636f6f7264696e61722079206172746963756c617220610d0a6c6f73206469666572656e746573206163746f72657320726567696f6e616c657320656e206c6120696d706c656d656e74616369c3b36e2064656c2050524e562e3c2f7370616e3e3c7370616e206c616e673d2245532d5452414422207374796c653d22223e3c6f3a703e3c2f6f3a703e3c2f7370616e3e3c2f703e0d0a0d0a3c7020636c6173733d224d736f4c697374506172616772617068437853704d6964646c6522207374796c653d226d617267696e2d6c6566743a20313870743b223e3c212d2d5b69662021737570706f72744c697374735d2d2d3e3c7370616e206c616e673d2245532d5452414422207374796c653d22223ec2b73c7370616e207374796c653d22666f6e742d76617269616e742d6e756d657269633a206e6f726d616c3b20666f6e742d76617269616e742d656173742d617369616e3a206e6f726d616c3b20666f6e742d737472657463683a206e6f726d616c3b206c696e652d6865696768743a206e6f726d616c3b223e266e6273703b266e6273703b266e6273703b266e6273703b266e6273703b266e6273703b266e6273703b266e6273703b0d0a3c2f7370616e3e3c2f7370616e3e3c212d2d5b656e6469665d2d2d3e3c7370616e206c616e673d2245532d5452414422207374796c653d22223e506f736963696f6e617220656c2050524e562c2068616365720d0a73656775696d69656e746f206120636f6d70726f6d69736f732c206576616c756172206176616e6365732c207265616c697a617220616a75737465732e3c2f7370616e3e3c2f703e3c7020636c6173733d224d736f4e6f726d616c22207374796c653d226d617267696e2d6c6566743a20313870743b223e3c212d2d5b69662021737570706f72744c697374735d2d2d3e3c7370616e206c616e673d2245532d5452414422207374796c653d22223ec2b73c7370616e207374796c653d22666f6e742d76617269616e742d6e756d657269633a206e6f726d616c3b20666f6e742d76617269616e742d656173742d617369616e3a206e6f726d616c3b20666f6e742d737472657463683a206e6f726d616c3b206c696e652d6865696768743a206e6f726d616c3b223e266e6273703b266e6273703b266e6273703b266e6273703b266e6273703b266e6273703b266e6273703b266e6273703b0d0a3c2f7370616e3e3c2f7370616e3e3c212d2d5b656e6469665d2d2d3e3c7370616e206c616e673d2245532d5452414422207374796c653d22223e4372656172207920636f6e736f6c6964617220616c69616e7a61730d0a657374726174c3a9676963617320636f6e74696e7561732079206475726164657261732071756520636f6e747269627579616e2061206c61266e6273703b2070726f6d6f6369c3b36e207920706f736963696f6e616d69656e746f2064656c2050524e562e3c2f7370616e3e3c7370616e206c616e673d2245532d5452414422207374796c653d22223e3c6f3a703e3c2f6f3a703e3c2f7370616e3e3c2f703e0d0a0d0a3c7020636c6173733d224d736f4e6f726d616c22207374796c653d226d617267696e2d6c6566743a20313870743b223e3c212d2d5b69662021737570706f72744c697374735d2d2d3e3c7370616e206c616e673d2245532d5452414422207374796c653d22223ec2b73c7370616e207374796c653d22666f6e742d76617269616e742d6e756d657269633a206e6f726d616c3b20666f6e742d76617269616e742d656173742d617369616e3a206e6f726d616c3b20666f6e742d737472657463683a206e6f726d616c3b206c696e652d6865696768743a206e6f726d616c3b223e266e6273703b266e6273703b266e6273703b266e6273703b266e6273703b266e6273703b266e6273703b266e6273703b0d0a3c2f7370616e3e3c2f7370616e3e3c212d2d5b656e6469665d2d2d3e3c7370616e206c616e673d2245532d5452414422207374796c653d22223e4d65646972206c6120266e6273703b636f6e74726962756369c3b36e2064656c2070726f6772616d6120616c206465736172726f6c6c6f206465206c610d0a72656769c3b36e207920636f6e73657276616369c3b36e206465206c6f73205265637572736f73204e61747572616c65732e3c2f7370616e3e3c2f703e3c7020636c6173733d224d736f4e6f726d616c22207374796c653d226d617267696e2d6c6566743a20313870743b223e3c212d2d5b69662021737570706f72744c697374735d2d2d3e3c7370616e206c616e673d2245532d5452414422207374796c653d22223ec2b73c7370616e207374796c653d22666f6e742d76617269616e742d6e756d657269633a206e6f726d616c3b20666f6e742d76617269616e742d656173742d617369616e3a206e6f726d616c3b20666f6e742d737472657463683a206e6f726d616c3b206c696e652d6865696768743a206e6f726d616c3b223e266e6273703b266e6273703b266e6273703b266e6273703b266e6273703b266e6273703b266e6273703b266e6273703b0d0a3c2f7370616e3e3c2f7370616e3e3c212d2d5b656e6469665d2d2d3e3c7370616e206c616e673d2245532d5452414422207374796c653d22223e53657276697220646520696e737472756d656e746f206f706572617469766f0d0a70617261206c612064696e616d697a616369c3b36e2064656c206f627365727661746f72696f2064652062696f636f6d657263696f20736f7374656e69626c652e3c2f7370616e3e3c2f703e3c7370616e206c616e673d2245532d5452414422207374796c653d22223e3c62723e3c2f7370616e3e3c7020636c6173733d224d736f4e6f726d616c22207374796c653d22223e3c7370616e206c616e673d2245532d5452414422207374796c653d22223e3c7374726f6e673e496e63656e7469766172206c61206f66657274613c2f7374726f6e673e3c6f3a703e3c2f6f3a703e3c2f7370616e3e3c2f703e0d0a0d0a3c7020636c6173733d224d736f4c69737450617261677261706843785370466972737422207374796c653d226d617267696e2d6c6566743a20313870743b223e3c212d2d5b69662021737570706f72744c697374735d2d2d3e3c7370616e206c616e673d2245532d5452414422207374796c653d22223ec2b73c7370616e207374796c653d22666f6e742d76617269616e742d6e756d657269633a206e6f726d616c3b20666f6e742d76617269616e742d656173742d617369616e3a206e6f726d616c3b20666f6e742d737472657463683a206e6f726d616c3b206c696e652d6865696768743a206e6f726d616c3b223e266e6273703b266e6273703b266e6273703b266e6273703b266e6273703b266e6273703b266e6273703b266e6273703b0d0a3c2f7370616e3e3c2f7370616e3e3c212d2d5b656e6469665d2d2d3e3c7370616e206c616e673d2245532d5452414422207374796c653d22223e436f6e736f6c69646172206c61206f66657274612064652050726f647563746f73207665726465730d0a526567696f6e616c65732e3c6f3a703e3c2f6f3a703e3c2f7370616e3e3c2f703e0d0a0d0a3c7020636c6173733d224d736f4c697374506172616772617068437853704d6964646c6522207374796c653d226d617267696e2d6c6566743a20313870743b223e3c212d2d5b69662021737570706f72744c697374735d2d2d3e3c7370616e206c616e673d2245532d5452414422207374796c653d22223ec2b73c7370616e207374796c653d22666f6e742d76617269616e742d6e756d657269633a206e6f726d616c3b20666f6e742d76617269616e742d656173742d617369616e3a206e6f726d616c3b20666f6e742d737472657463683a206e6f726d616c3b206c696e652d6865696768743a206e6f726d616c3b223e266e6273703b266e6273703b266e6273703b266e6273703b266e6273703b266e6273703b266e6273703b266e6273703b0d0a3c2f7370616e3e3c2f7370616e3e3c212d2d5b656e6469665d2d2d3e3c7370616e206c616e673d2245532d5452414422207374796c653d22223e496e63656e746976617220612070726f6475636369c3b36e206465206269656e6573207920736572766963696f730d0a76657264657320726567696f6e616c65732061756d656e74616e646f206c6120636f6d7065746974697669646164206120657363616c61204e6163696f6e616c2065266e6273703b20496e7465726e6163696f6e616c2e3c6f3a703e3c2f6f3a703e3c2f7370616e3e3c2f703e0d0a0d0a3c7020636c6173733d224d736f4e6f726d616c22207374796c653d226d617267696e2d6c6566743a20313870743b223e3c212d2d5b69662021737570706f72744c697374735d2d2d3e3c7370616e206c616e673d2245532d5452414422207374796c653d22223ec2b73c7370616e207374796c653d22666f6e742d76617269616e742d6e756d657269633a206e6f726d616c3b20666f6e742d76617269616e742d656173742d617369616e3a206e6f726d616c3b20666f6e742d737472657463683a206e6f726d616c3b206c696e652d6865696768743a206e6f726d616c3b223e266e6273703b266e6273703b266e6273703b266e6273703b266e6273703b266e6273703b266e6273703b266e6273703b0d0a3c2f7370616e3e3c2f7370616e3e3c212d2d5b656e6469665d2d2d3e3c7370616e206c616e673d2245532d5452414422207374796c653d22223e4361706163697461722061206c6f7320656d707265736172696f7320656e2072656c616369c3b36e2061206c610d0a646566696e696369c3b36e206465206269656e206f20736572766963696f2076657264652e3c2f7370616e3e3c2f703e3c7370616e206c616e673d2245532d5452414422207374796c653d22223e3c62723e3c2f7370616e3e3c7020636c6173733d224d736f4e6f726d616c22207374796c653d22223e3c7370616e206c616e673d2245532d5452414422207374796c653d22223e3c7374726f6e673e496e63656e7469766172206c612064656d616e64613c2f7374726f6e673e3c6f3a703e3c2f6f3a703e3c2f7370616e3e3c2f703e0d0a0d0a3c7020636c6173733d224d736f4e6f726d616c22207374796c653d226d617267696e2d6c6566743a20313870743b223e3c212d2d5b69662021737570706f72744c697374735d2d2d3e3c7370616e206c616e673d2245532d5452414422207374796c653d22223ec2b73c7370616e207374796c653d22666f6e742d76617269616e742d6e756d657269633a206e6f726d616c3b20666f6e742d76617269616e742d656173742d617369616e3a206e6f726d616c3b20666f6e742d737472657463683a206e6f726d616c3b206c696e652d6865696768743a206e6f726d616c3b223e266e6273703b266e6273703b266e6273703b266e6273703b266e6273703b266e6273703b266e6273703b266e6273703b0d0a3c2f7370616e3e3c2f7370616e3e3c212d2d5b656e6469665d2d2d3e3c7370616e206c616e673d2245532d5452414422207374796c653d22223e446976756c67617220656c20706f74656e6369616c0d0a79206c61732074656e64656e63696173206465206d65726361646f206465206c6f73206e65676f63696f73207665726465732e3c6f3a703e3c2f6f3a703e3c2f7370616e3e3c2f703e0d0a0d0a3c7020636c6173733d224d736f4e6f726d616c22207374796c653d226d617267696e2d6c6566743a20313870743b223e3c212d2d5b69662021737570706f72744c697374735d2d2d3e3c7370616e206c616e673d2245532d5452414422207374796c653d22223ec2b73c7370616e207374796c653d22666f6e742d76617269616e742d6e756d657269633a206e6f726d616c3b20666f6e742d76617269616e742d656173742d617369616e3a206e6f726d616c3b20666f6e742d737472657463683a206e6f726d616c3b206c696e652d6865696768743a206e6f726d616c3b223e266e6273703b266e6273703b266e6273703b266e6273703b266e6273703b266e6273703b266e6273703b266e6273703b0d0a3c2f7370616e3e3c2f7370616e3e3c212d2d5b656e6469665d2d2d3e3c7370616e206c616e673d2245532d5452414422207374796c653d22223e53656e736962696c697a617220616c0d0a636f6e73756d69646f7220736f627265206c6120696d706f7274616e6369612064652070726f647563746f73207665726465732e3c6f3a703e3c2f6f3a703e3c2f7370616e3e3c2f703e0d0a0d0a3c7020636c6173733d224d736f4e6f726d616c22207374796c653d226d617267696e2d6c6566743a20313870743b223e3c212d2d5b69662021737570706f72744c697374735d2d2d3e3c7370616e206c616e673d2245532d5452414422207374796c653d22223ec2b73c7370616e207374796c653d22666f6e742d76617269616e742d6e756d657269633a206e6f726d616c3b20666f6e742d76617269616e742d656173742d617369616e3a206e6f726d616c3b20666f6e742d737472657463683a206e6f726d616c3b206c696e652d6865696768743a206e6f726d616c3b223e266e6273703b266e6273703b266e6273703b266e6273703b266e6273703b266e6273703b266e6273703b266e6273703b0d0a3c2f7370616e3e3c2f7370616e3e3c212d2d5b656e6469665d2d2d3e3c7370616e206c616e673d2245532d5452414422207374796c653d22223e506f736963696f6e6172206465206d616e6572610d0a636f6e6a756e746120636f6e206c6f7320616c6961646f732061206c6f73204e65676f63696f732056657264657320636f6d6f20756e206e7565766f20736563746f7220656e206c610d0a65636f6e6f6dc3ad6120526567696f6e616c2e3c7374726f6e673e3c666f6e7420666163653d22417269616c2c2073616e732d7365726966223e3c7370616e207374796c653d22666f6e742d73697a653a20313170743b223e3c6f3a703e3c2f6f3a703e3c2f7370616e3e3c2f666f6e743e3c2f7374726f6e673e3c2f7370616e3e3c2f703e, 6),
(16, 'Valores que orientan el accionar de la ventanilla', 1, 0x3c7020636c6173733d224d736f4e6f726d616c22207374796c653d22746578742d616c69676e3a206a7573746966793b206d617267696e2d6c6566743a20313870743b223e41637475616d6f7320790a70726f6d6f76656d6f7320656c203c656d3e3c7374726f6e673e5265737065746f207920656c0a5265636f6e6f63696d69656e746f3c2f7374726f6e673e3c2f656d3e206465206c6120646976657273696461642062696f6cc3b36769636120792063756c747572616c206465206c612072656769c3b36e2c2070617261207175650a6c617320656d70726573617320666f6d656e7461646173207265636f6e6f7a63616e206573746f7320656c656d656e746f732073696e67756c617265732079206469666572656e636961646f7265730a79206c6f7320696e636f72706f72656e20636f6d6f2076656e74616a617320636f6d70657469746976617320656e20737573206e65676f63696f732e3c62723e3c2f703e3c7020636c6173733d224d736f4e6f726d616c22207374796c653d22746578742d616c69676e3a206a7573746966793b206d617267696e2d6c6566743a20313870743b223e41637475616d6f7320790a70726f6d6f76656d6f7320756e61203c656d3e56697369c3b36e20646520436f6e746578746f3c2f656d3e0a646f6e646520696e737469747563696f6e6573207920656d70726573617320666f6d656e7461646173206e6f7320636f6d70726f6d6574656d6f7320636f6e206c612070726f6d6f6369c3b36e0a64656c206465736172726f6c6c6f2065636f6ec3b36d69636f206c6f63616c206465206c612072656769c3b36e2e3c2f703e3c7020636c6173733d224d736f4e6f726d616c22207374796c653d22746578742d616c69676e3a206a7573746966793b206d617267696e2d6c6566743a20313870743b223e41637475616d6f7320790a70726f6d6f76656d6f73206c61203c656d3e496e74656772616c696461643c2f656d3e2c20646f6e64650a696e737469747563696f6e6573207920656d70726573617320666f6d656e7461646173206e6f7320636f6d70726f6d6574656d6f7320636f6e207072c3a16374696361730a656d70726573617269616c6573206d6564696f616d6269656e74616c6d656e746520736f7374656e69626c6573207175652070726f746567656e2061206c61732067656e65726163696f6e65730a70726573656e746573207920667574757261732e3c2f703e3c7020636c6173733d224d736f4e6f726d616c22207374796c653d22746578742d616c69676e3a206a7573746966793b206d617267696e2d6c6566743a20313870743b223e41637475616d6f7320790a70726f6d6f76656d6f73206c61203c656d3e457175696461643c2f656d3e2c20646f6e64650a696e737469747563696f6e6573207920656d70726573617320666f6d656e7461646173206e6f7320636f6d70726f6d6574656d6f7320636f6e207072c3a16374696361730a656d70726573617269616c6573207175652070726f746567656e206c6f73206465726563686f732068756d616e6f732c206c6120696e636c757369c3b36e20736f6369616c2c206c610a7375706572616369c3b36e206465206c6120706f6272657a612c2079206c6120637265616369c3b36e206465206361706974616c20736f6369616c2e3c2f703e3c7020636c6173733d224d736f4e6f726d616c22207374796c653d22746578742d616c69676e3a206a7573746966793b206d617267696e2d6c6566743a20313870743b223e41637475616d6f7320790a70726f6d6f76656d6f7320656c203c656d3e56616c6f7220436f6d7061727469646f3c2f656d3e2c0a646f6e646520696e737469747563696f6e6573207920656d70726573617320666f6d656e74616461732079207375732072656465732064652070726f766565647572c3ad61732c206e6f730a636f6d70726f6d6574656d6f7320656e20616374c3ba616e20636f6e206c6f73207072696e636970696f732064656c204465736172726f6c6c6f20536f7374656e69626c652079206c610a4167656e646120323033302e3c2f703e3c7020636c6173733d224d736f4e6f726d616c22207374796c653d22746578742d616c69676e3a206a7573746966793b206d617267696e2d6c6566743a20313870743b223e41637475616d6f7320790a70726f6d6f76656d6f7320656c3c656d3e20436f6d70726f6d69736f3c2f656d3e2c20646f6e64650a696e737469747563696f6e6573207920656d70726573617320666f6d656e74616461732c20656e7472656775656d6f732061206c6f7320636f6e73756d69646f7265732066696e616c65732e0a70726f647563746f73207920736572766963696f732071756520636f6e747269627579656e206120736f6c7563696f6e61722070726f626c656d6173206d6564696f616d6269656e74616c65732c0a756e6120736f636965646164206dc3a173206a75737461207920657175697461746976613c2f703e3c7020636c6173733d224d736f4e6f726d616c22207374796c653d22746578742d616c69676e3a206a7573746966793b206d617267696e2d6c6566743a20313870743b223e41637475616d6f7320790a70726f6d6f76656d6f73206c61203c656d3e4469676e696461642068756d616e613c2f656d3e2c20646f6e64650a696e737469747563696f6e6573207920656d70726573617320666f6d656e74616461732c20726573706574616d6f73206c617320636f6d756e69646164657320c3a9746e696361732c207375730a7465727269746f72696f732c207375206e6f726d61746976696461642c2079206c6f73206465726563686f73206c61626f72616c6573206465206c6f7320656d706c6561646f732e3c2f703e3c7020636c6173733d224d736f4e6f726d616c22207374796c653d22746578742d616c69676e3a206a7573746966793b206d617267696e2d6c6566743a20313870743b223e41637475616d6f7320790a70726f6d6f76656d6f73206c61203c656d3e4d656a6f726120436f6e74696e75613c2f656d3e2c20646f6e64650a696e737469747563696f6e6573207920656d70726573617320666f6d656e74616461732c206e6f7320636f6d70726f6d6574656d6f7320636f6e20616c63616e7a6172206c6f73206dc3a178696d6f730a6e6976656c65732064652061706f7274657320616d6269656e74616c6573207920736f6369616c657320706f73697469766f7320636f6d6f204e65676f63696f20566572646520696465616c2e3c2f703e3c7020636c6173733d224d736f4e6f726d616c22207374796c653d22746578742d616c69676e3a206a7573746966793b206d617267696e2d6c6566743a20313870743b223e41637475616d6f7320790a70726f6d6f76656d6f7320756e61204765737469c3b36e206465203c656d3e536572766963696f3c2f656d3e2c20646f6e64650a696e737469747563696f6e6573207920656d70726573617320666f6d656e74616461732c207072696f72697a616d6f73206c612073617469736661636369c3b36e206465206c61730a6e65636573696461646573206465206e75657374726f7320636c69656e7465732e3c2f703e3c7020636c6173733d224d736f4e6f726d616c22207374796c653d22746578742d616c69676e3a206a7573746966793b206d617267696e2d6c6566743a20313870743b223e41637475616d6f7320790a70726f6d6f76656d6f732079206c613c666f6e7420666163653d22417269616c2c2073616e732d7365726966223e3c7370616e207374796c653d22666f6e742d73697a653a20313170743b223e203c656d3e736f6c69646172696461643c2f656d3e2c203c2f7370616e3e3c2f666f6e743e646f6e64650a696e737469747563696f6e6573207920656d70726573617320666f6d656e74616461732c20657374656d6f7320636f6e74696e75616d656e746520636f6d70726f6d65746964617320656e0a61637475617220656e207265646573207920656c2062656e65666963696f206d7574756f2070617261206c6f6772617220656c206269656e20636f6dc3ba6e2e3c666f6e7420666163653d22417269616c2c2073616e732d7365726966223e3c7370616e207374796c653d22666f6e742d73697a653a20313170743b223e3c6f3a703e3c2f6f3a703e3c2f7370616e3e3c2f666f6e743e3c2f703e, 6),
(17, 'TIPOS DE CLIENTES QUE ATIENDEN LA VENTANILLA', 2, 0x3c756c3e3c6c693e3c7374726f6e673e3c656d3e456d7072656e6465646f7220636f6e20756e6120696465612067656e6572616c2064650a6e65676f63696f733a3c2f656d3e3c2f7374726f6e673e0a456d7072656e6465646f723c7370616e206c616e673d2245532d54524144223e20717565207469656e6520616c676f20656e206d656e74652c207065726f206e6f20736162652063c3b36d6f0a6c6c657661726c6f2061206361626f2c20696d706c656d656e7461726c6f206f20656a6563757461726c6f2e3c2f7370616e3e3c7374726f6e673e3c62723e3c2f7374726f6e673e3c2f6c693e3c6c693e3c7374726f6e673e3c62723e3c2f7374726f6e673e3c2f6c693e3c6c693e3c656d3e3c7374726f6e673e456d7072656e6465646f7220636f6e20756e6120696465612061736f636961646120610a6c6120636f6e73657276616369c3b36e2064656c20616d6269656e74652079206c612042696f646976657273696461643a3c2f7374726f6e673e3c2f656d3e20456d7072656e6465646f723c7370616e206c616e673d2245532d54524144223e20717565207469656e65206c6120616374697475642079206d6f746976616369c3b36e20646520656d7072656e64657220756e61206163746976696461640a70726f647563746976612c2061736f63696164612061206c612070726f7465636369c3b36e2064656c20616d6269656e74652079206c6f73207265637572736f73206e61747572616c65732c0a7065726f206e6f207361626520612063c3b36d6f206c6c657661726c6f2061206361626f2c20696d706c656d656e7461726c6f206f20656a6563757461726c6f2e3c2f7370616e3e3c7374726f6e673e3c62723e3c2f7374726f6e673e3c2f6c693e3c6c693e3c7374726f6e673e3c62723e3c2f7374726f6e673e3c2f6c693e3c6c693e3c656d3e3c7374726f6e673e456d707265736172696f20636f6e20756e6120656d7072657361206f206e65676f63696f20656e206465736172726f6c6c6f2067656e6572616c3c2f7374726f6e673e3c2f656d3e3c7370616e206c616e673d2245532d54524144223e3c656d3e3c7374726f6e673e3a0a3c2f7374726f6e673e3c2f656d3e456d707265736172696f20636f6e20756e3c2f7370616e3e3c7370616e206c616e673d2245532d54524144223e206e65676f63696f203c2f7370616e3e3c7370616e206c616e673d2245532d54524144223e656e206d61726368612c0a736520696e7465726573612076696e63756c6172207375206163746976696461642070726f64756374697661203c2f7370616e3e3c7370616e206c616e673d2245532d54524144223e61206c612070726f7465636369c3b36e2064656c20616d6269656e74652079206c6f73207265637572736f73206e61747572616c65732c207065726f206e6f20736162652063c3b36d6f0a696e69636961722079207175c3a92068616365722e3c2f7370616e3e3c656d3e3c62723e3c2f656d3e3c2f6c693e3c6c693e3c656d3e3c62723e3c2f656d3e3c2f6c693e3c6c693e3c7374726f6e673e3c656d3e456d707265736172696f20636f6e20756e6120656d7072657361203c7370616e206c616e673d2245532d54524144223e6f206e65676f63696f3c2f7370616e3e20656e206465736172726f6c6c6f2061736f636961646f206120636f6e73657276616369c3b36e3a3c2f656d3e3c2f7374726f6e673e20456d707265736172696f20717565207469656e6520656e206f706572616369c3b36e20756e6120656d70726573610a7175652064656e74726f2064652073757320616363696f6e657320726573706f6e6465206120766172696f73206465206c6f7320437269746572696f73206520496e64696361646f7265732064650a6c6f73204e65676f63696f7320566572646573207920736520696e74657265736120706f7220636f6e736f6c696461726c6f20656e206573746520736563746f722070726f6475637469766f2c0a7065726f206e6f2073616265203c7370616e206c616e673d2245532d54524144223e63c3b36d6f20696e69636961722079207175c3a92068616365722e3c2f7370616e3e3c7374726f6e673e3c62723e3c2f7374726f6e673e3c2f6c693e3c6c693e3c7374726f6e673e3c62723e3c2f7374726f6e673e3c2f6c693e3c6c693e3c656d3e3c7374726f6e673e456d707265736172696f20636f6e20756e6120656d7072657361203c7370616e206c616e673d2245532d54524144223e6f204e65676f63696f3c2f7370616e3e20566572646520636f6e736f6c696461646f3a3c2f7374726f6e673e3c2f656d3e20456d707265736172696f20636f6e20756e206e65676f63696f20656e206d617263686120717565203c7370616e206c616e673d2245532d54524144223e63756d706c653c2f7370616e3e3c7370616e206c616e673d2245532d5452414422207374796c653d22223e20636f6e206c6173206361726163746572c3ad73746963617320790a6772616e20706172746520646520437269746572696f73206520496e64696361646f7265732071756520646566696e656e20756e204e65676f63696f2056657264652c207065726f0a70726573656e7461206469666963756c7461646573206f20696e7175696574756465732e3c2f7370616e3e3c62723e3c2f6c693e3c2f756c3e3c6f3a703e3c2f6f3a703e0a0a3c7020636c6173733d224d736f4e6f726d616c22207374796c653d226d617267696e2d6c6566743a20313870743b206261636b67726f756e642d696d6167653a20696e697469616c3b206261636b67726f756e642d706f736974696f6e3a20696e697469616c3b206261636b67726f756e642d73697a653a20696e697469616c3b206261636b67726f756e642d7265706561743a20696e697469616c3b206261636b67726f756e642d6174746163686d656e743a20696e697469616c3b206261636b67726f756e642d6f726967696e3a20696e697469616c3b206261636b67726f756e642d636c69703a20696e697469616c3b223e3c6f3a703e3c2f6f3a703e3c2f703e0a0a3c7020636c6173733d224d736f4e6f726d616c22207374796c653d226d617267696e2d6c6566743a20313870743b20766572746963616c2d616c69676e3a206d6964646c653b223e3c6f3a703e3c2f6f3a703e3c2f703e0a0a, 6);
INSERT INTO `contenido` (`id`, `titulo`, `alias_id`, `descripcion`, `id_img_page`) VALUES
(18, 'SERVICIOS DE LA VENTANILLA POR ALIADO ESTRATÉGICO DE LA MESA', 2, 0x3c7020636c6173733d224d736f4e6f726d616c22207374796c653d226d617267696e2d6c6566743a31382e3070743b746578742d616c69676e3a6a7573746966793b746578742d6a7573746966793a0d0a696e7465722d6964656f67726170683b746578742d696e64656e743a2d31382e3070743b6d736f2d706167696e6174696f6e3a6e6f6e653b6d736f2d6c6973743a6c30206c6576656c31206c666f313b0d0a6d736f2d6c61796f75742d677269642d616c69676e3a6e6f6e653b746578742d6175746f73706163653a6e6f6e65223e3c212d2d5b69662021737570706f72744c697374735d2d2d3e3c7370616e206c616e673d2245532d5452414422207374796c653d22666f6e742d73697a653a31312e3070743b666f6e742d66616d696c793a53796d626f6c3b6d736f2d666172656173742d666f6e742d66616d696c793a0d0a53796d626f6c3b6d736f2d626964692d666f6e742d66616d696c793a53796d626f6c223ec2b73c7370616e207374796c653d22666f6e742d76617269616e742d6e756d657269633a206e6f726d616c3b20666f6e742d76617269616e742d656173742d617369616e3a206e6f726d616c3b20666f6e742d737472657463683a206e6f726d616c3b20666f6e742d73697a653a203770743b206c696e652d6865696768743a206e6f726d616c3b20666f6e742d66616d696c793a202671756f743b54696d6573204e657720526f6d616e2671756f743b3b223e266e6273703b266e6273703b266e6273703b266e6273703b266e6273703b266e6273703b266e6273703b266e6273703b0d0a3c2f7370616e3e3c2f7370616e3e3c212d2d5b656e6469665d2d2d3e3c7370616e206c616e673d2245532d5452414422207374796c653d22666f6e742d73697a653a31312e3070743b0d0a666f6e742d66616d696c793a2671756f743b417269616c2671756f743b2c73616e732d7365726966223e41706f796f207061726120656c2065737461626c6563696d69656e746f2064650d0a656e636164656e616d69656e746f732070726f6475637469766f7320656e74726520656d707265736173266e6273703b0d0a3c6f3a703e3c2f6f3a703e3c2f7370616e3e3c2f703e0d0a0d0a3c7020636c6173733d224d736f4e6f726d616c22207374796c653d226d617267696e2d6c6566743a31382e3070743b746578742d616c69676e3a6a7573746966793b746578742d6a7573746966793a0d0a696e7465722d6964656f67726170683b746578742d696e64656e743a2d31382e3070743b6d736f2d706167696e6174696f6e3a6e6f6e653b6d736f2d6c6973743a6c30206c6576656c31206c666f313b0d0a6d736f2d6c61796f75742d677269642d616c69676e3a6e6f6e653b746578742d6175746f73706163653a6e6f6e65223e3c212d2d5b69662021737570706f72744c697374735d2d2d3e3c7370616e206c616e673d2245532d5452414422207374796c653d22666f6e742d73697a653a31312e3070743b666f6e742d66616d696c793a53796d626f6c3b6d736f2d666172656173742d666f6e742d66616d696c793a0d0a53796d626f6c3b6d736f2d626964692d666f6e742d66616d696c793a53796d626f6c223ec2b73c7370616e207374796c653d22666f6e742d76617269616e742d6e756d657269633a206e6f726d616c3b20666f6e742d76617269616e742d656173742d617369616e3a206e6f726d616c3b20666f6e742d737472657463683a206e6f726d616c3b20666f6e742d73697a653a203770743b206c696e652d6865696768743a206e6f726d616c3b20666f6e742d66616d696c793a202671756f743b54696d6573204e657720526f6d616e2671756f743b3b223e266e6273703b266e6273703b266e6273703b266e6273703b266e6273703b266e6273703b266e6273703b266e6273703b0d0a3c2f7370616e3e3c2f7370616e3e3c212d2d5b656e6469665d2d2d3e3c7370616e206c616e673d2245532d5452414422207374796c653d22666f6e742d73697a653a31312e3070743b0d0a666f6e742d66616d696c793a2671756f743b417269616c2671756f743b2c73616e732d7365726966223e417365736f72c3ad617320656e206c6120637265616369c3b36e2c20666f7274616c6563696d69656e746f20790d0a6465736172726f6c6c6f20646520656d707265736173206465204e65676f63696f73205665726465732e3c6f3a703e3c2f6f3a703e3c2f7370616e3e3c2f703e0d0a0d0a3c7020636c6173733d224d736f4e6f726d616c22207374796c653d226d617267696e2d6c6566743a31382e3070743b746578742d616c69676e3a6a7573746966793b746578742d6a7573746966793a0d0a696e7465722d6964656f67726170683b746578742d696e64656e743a2d31382e3070743b6d736f2d706167696e6174696f6e3a6e6f6e653b6d736f2d6c6973743a6c30206c6576656c31206c666f313b0d0a6d736f2d6c61796f75742d677269642d616c69676e3a6e6f6e653b746578742d6175746f73706163653a6e6f6e65223e3c212d2d5b69662021737570706f72744c697374735d2d2d3e3c7370616e206c616e673d22455322207374796c653d22666f6e742d73697a653a31312e3070743b666f6e742d66616d696c793a53796d626f6c3b6d736f2d666172656173742d666f6e742d66616d696c793a0d0a53796d626f6c3b6d736f2d626964692d666f6e742d66616d696c793a53796d626f6c3b6d736f2d616e73692d6c616e67756167653a45533b6d736f2d626964692d666f6e742d7765696768743a0d0a626f6c64223ec2b73c7370616e207374796c653d22666f6e742d76617269616e742d6e756d657269633a206e6f726d616c3b20666f6e742d76617269616e742d656173742d617369616e3a206e6f726d616c3b20666f6e742d737472657463683a206e6f726d616c3b20666f6e742d73697a653a203770743b206c696e652d6865696768743a206e6f726d616c3b20666f6e742d66616d696c793a202671756f743b54696d6573204e657720526f6d616e2671756f743b3b223e266e6273703b266e6273703b266e6273703b266e6273703b266e6273703b266e6273703b266e6273703b266e6273703b0d0a3c2f7370616e3e3c2f7370616e3e3c212d2d5b656e6469665d2d2d3e3c7370616e206c616e673d2245532d5452414422207374796c653d22666f6e742d73697a653a31312e3070743b0d0a666f6e742d66616d696c793a2671756f743b417269616c2671756f743b2c73616e732d7365726966223e56616c6f72616369c3b36e2064656c2063756d706c696d69656e746f206465206c6f7320437269746572696f7320650d0a496e64696361646f726573206465206c6f73204e65676f63696f73205665726465732e3c2f7370616e3e3c7374726f6e673e3c7370616e206c616e673d22455322207374796c653d22666f6e742d73697a653a0d0a31312e3070743b666f6e742d66616d696c793a2671756f743b417269616c2671756f743b2c73616e732d73657269663b6d736f2d616e73692d6c616e67756167653a4553223e3c6f3a703e3c2f6f3a703e3c2f7370616e3e3c2f7374726f6e673e3c2f703e0d0a0d0a3c7020636c6173733d224d736f4e6f726d616c22207374796c653d226d617267696e2d6c6566743a31382e3070743b746578742d616c69676e3a6a7573746966793b746578742d6a7573746966793a0d0a696e7465722d6964656f67726170683b746578742d696e64656e743a2d31382e3070743b6d736f2d706167696e6174696f6e3a6e6f6e653b6d736f2d6c6973743a6c30206c6576656c31206c666f313b0d0a6d736f2d6c61796f75742d677269642d616c69676e3a6e6f6e653b746578742d6175746f73706163653a6e6f6e65223e3c212d2d5b69662021737570706f72744c697374735d2d2d3e3c7370616e206c616e673d2245532d5452414422207374796c653d22666f6e742d73697a653a31312e3070743b666f6e742d66616d696c793a53796d626f6c3b6d736f2d666172656173742d666f6e742d66616d696c793a0d0a53796d626f6c3b6d736f2d626964692d666f6e742d66616d696c793a53796d626f6c223ec2b73c7370616e207374796c653d22666f6e742d76617269616e742d6e756d657269633a206e6f726d616c3b20666f6e742d76617269616e742d656173742d617369616e3a206e6f726d616c3b20666f6e742d737472657463683a206e6f726d616c3b20666f6e742d73697a653a203770743b206c696e652d6865696768743a206e6f726d616c3b20666f6e742d66616d696c793a202671756f743b54696d6573204e657720526f6d616e2671756f743b3b223e266e6273703b266e6273703b266e6273703b266e6273703b266e6273703b266e6273703b266e6273703b266e6273703b0d0a3c2f7370616e3e3c2f7370616e3e3c212d2d5b656e6469665d2d2d3e3c7370616e206c616e673d2245532d5452414422207374796c653d22666f6e742d73697a653a31312e3070743b0d0a666f6e742d66616d696c793a2671756f743b417269616c2671756f743b2c73616e732d7365726966223e466f726d756c616369c3b36e20646520706c616e6573206465206d656a6f72612c20617365736f72c3ad61732c0d0a61636f6d7061c3b1616d69656e746f2079206f746f7267616d69656e746f7320646520696e63656e7469766f73206e6f2066696e616e636965726f73207061726120656e2073750d0a696d706c656d656e74616369c3b36e2e3c6f3a703e3c2f6f3a703e3c2f7370616e3e3c2f703e0d0a0d0a3c7020636c6173733d224d736f4e6f726d616c22207374796c653d226d617267696e2d6c6566743a31382e3070743b746578742d616c69676e3a6a7573746966793b746578742d6a7573746966793a0d0a696e7465722d6964656f67726170683b746578742d696e64656e743a2d31382e3070743b6d736f2d706167696e6174696f6e3a6e6f6e653b6d736f2d6c6973743a6c30206c6576656c31206c666f313b0d0a6d736f2d6c61796f75742d677269642d616c69676e3a6e6f6e653b746578742d6175746f73706163653a6e6f6e65223e3c212d2d5b69662021737570706f72744c697374735d2d2d3e3c7370616e206c616e673d22455322207374796c653d22666f6e742d73697a653a31312e3070743b666f6e742d66616d696c793a53796d626f6c3b6d736f2d666172656173742d666f6e742d66616d696c793a0d0a53796d626f6c3b6d736f2d626964692d666f6e742d66616d696c793a53796d626f6c3b6d736f2d616e73692d6c616e67756167653a45533b6d736f2d626964692d666f6e742d7765696768743a0d0a626f6c64223ec2b73c7370616e207374796c653d22666f6e742d76617269616e742d6e756d657269633a206e6f726d616c3b20666f6e742d76617269616e742d656173742d617369616e3a206e6f726d616c3b20666f6e742d737472657463683a206e6f726d616c3b20666f6e742d73697a653a203770743b206c696e652d6865696768743a206e6f726d616c3b20666f6e742d66616d696c793a202671756f743b54696d6573204e657720526f6d616e2671756f743b3b223e266e6273703b266e6273703b266e6273703b266e6273703b266e6273703b266e6273703b266e6273703b266e6273703b0d0a3c2f7370616e3e3c2f7370616e3e3c212d2d5b656e6469665d2d2d3e3c7370616e206c616e673d2245532d5452414422207374796c653d22666f6e742d73697a653a31312e3070743b0d0a666f6e742d66616d696c793a2671756f743b417269616c2671756f743b2c73616e732d7365726966223e4f746f726761722043657274696669636163696f6e65732064656c2063756d706c696d69656e746f206465206c6f730d0a437269746572696f73206520496e64696361646f726573206465206c6f73204e65676f63696f732056657264657320706172612070726f6d6f63696f6e6172206c617320656d7072657361732e3c2f7370616e3e3c7374726f6e673e3c7370616e206c616e673d22455322207374796c653d22666f6e742d73697a653a31312e3070743b666f6e742d66616d696c793a2671756f743b417269616c2671756f743b2c73616e732d73657269663b6d736f2d616e73692d6c616e67756167653a0d0a4553223e3c6f3a703e3c2f6f3a703e3c2f7370616e3e3c2f7374726f6e673e3c2f703e0d0a0d0a3c7020636c6173733d224d736f4e6f726d616c22207374796c653d226d617267696e2d6c6566743a31382e3070743b746578742d616c69676e3a6a7573746966793b746578742d6a7573746966793a0d0a696e7465722d6964656f67726170683b746578742d696e64656e743a2d31382e3070743b6d736f2d706167696e6174696f6e3a6e6f6e653b6d736f2d6c6973743a6c30206c6576656c31206c666f313b0d0a6d736f2d6c61796f75742d677269642d616c69676e3a6e6f6e653b746578742d6175746f73706163653a6e6f6e65223e3c212d2d5b69662021737570706f72744c697374735d2d2d3e3c7370616e206c616e673d2245532d5452414422207374796c653d22666f6e742d73697a653a31312e3070743b666f6e742d66616d696c793a53796d626f6c3b6d736f2d666172656173742d666f6e742d66616d696c793a0d0a53796d626f6c3b6d736f2d626964692d666f6e742d66616d696c793a53796d626f6c223ec2b73c7370616e207374796c653d22666f6e742d76617269616e742d6e756d657269633a206e6f726d616c3b20666f6e742d76617269616e742d656173742d617369616e3a206e6f726d616c3b20666f6e742d737472657463683a206e6f726d616c3b20666f6e742d73697a653a203770743b206c696e652d6865696768743a206e6f726d616c3b20666f6e742d66616d696c793a202671756f743b54696d6573204e657720526f6d616e2671756f743b3b223e266e6273703b266e6273703b266e6273703b266e6273703b266e6273703b266e6273703b266e6273703b266e6273703b0d0a3c2f7370616e3e3c2f7370616e3e3c212d2d5b656e6469665d2d2d3e3c7370616e206c616e673d2245532d5452414422207374796c653d22666f6e742d73697a653a31312e3070743b0d0a666f6e742d66616d696c793a2671756f743b417269616c2671756f743b2c73616e732d7365726966223e50726f6d6f6369c3b36e20636f6d65726369616c206465206c617320656d7072657361732c207375730d0a70726f647563746f73207920736572766963696f7320656e206c617320706c617461666f726d617320696e737469747563696f6e616c657320284d414453207920434f444543484f434f2920790d0a6f74726f7320616c6961646f732e3c6f3a703e3c2f6f3a703e3c2f7370616e3e3c2f703e0d0a0d0a3c7020636c6173733d224d736f4e6f726d616c22207374796c653d226d617267696e2d6c6566743a31382e3070743b746578742d616c69676e3a6a7573746966793b746578742d6a7573746966793a0d0a696e7465722d6964656f67726170683b746578742d696e64656e743a2d31382e3070743b6d736f2d706167696e6174696f6e3a6e6f6e653b6d736f2d6c6973743a6c30206c6576656c31206c666f313b0d0a6d736f2d6c61796f75742d677269642d616c69676e3a6e6f6e653b746578742d6175746f73706163653a6e6f6e65223e3c212d2d5b69662021737570706f72744c697374735d2d2d3e3c7370616e206c616e673d22455322207374796c653d22666f6e742d73697a653a31312e3070743b666f6e742d66616d696c793a53796d626f6c3b6d736f2d666172656173742d666f6e742d66616d696c793a0d0a53796d626f6c3b6d736f2d626964692d666f6e742d66616d696c793a53796d626f6c3b6d736f2d616e73692d6c616e67756167653a45533b6d736f2d626964692d666f6e742d7765696768743a0d0a626f6c64223ec2b73c7370616e207374796c653d22666f6e742d76617269616e742d6e756d657269633a206e6f726d616c3b20666f6e742d76617269616e742d656173742d617369616e3a206e6f726d616c3b20666f6e742d737472657463683a206e6f726d616c3b20666f6e742d73697a653a203770743b206c696e652d6865696768743a206e6f726d616c3b20666f6e742d66616d696c793a202671756f743b54696d6573204e657720526f6d616e2671756f743b3b223e266e6273703b266e6273703b266e6273703b266e6273703b266e6273703b266e6273703b266e6273703b266e6273703b0d0a3c2f7370616e3e3c2f7370616e3e3c212d2d5b656e6469665d2d2d3e3c7370616e206c616e673d2245532d5452414422207374796c653d22666f6e742d73697a653a31312e3070743b0d0a666f6e742d66616d696c793a2671756f743b417269616c2671756f743b2c73616e732d7365726966223e50726f6d6f6369c3b36e20636f6d65726369616c206465206c617320656d70726573617320656e206665726961730d0a6e6163696f6e616c65732c20696e7465726e6163696f6e616c65732079206c6f63616c65732e3c2f7370616e3e3c7370616e206c616e673d22455322207374796c653d22666f6e742d73697a653a0d0a31312e3070743b666f6e742d66616d696c793a2671756f743b417269616c2671756f743b2c73616e732d73657269663b6d736f2d616e73692d6c616e67756167653a45533b6d736f2d626964692d666f6e742d7765696768743a0d0a626f6c64223e3c6f3a703e3c2f6f3a703e3c2f7370616e3e3c2f703e0d0a0d0a3c7020636c6173733d224d736f4e6f726d616c22207374796c653d226d617267696e2d6c6566743a31382e3070743b746578742d616c69676e3a6a7573746966793b746578742d6a7573746966793a0d0a696e7465722d6964656f67726170683b746578742d696e64656e743a2d31382e3070743b6d736f2d706167696e6174696f6e3a6e6f6e653b6d736f2d6c6973743a6c30206c6576656c31206c666f313b0d0a6d736f2d6c61796f75742d677269642d616c69676e3a6e6f6e653b746578742d6175746f73706163653a6e6f6e65223e3c212d2d5b69662021737570706f72744c697374735d2d2d3e3c7370616e206c616e673d22455322207374796c653d22666f6e742d73697a653a31312e3070743b666f6e742d66616d696c793a53796d626f6c3b6d736f2d666172656173742d666f6e742d66616d696c793a0d0a53796d626f6c3b6d736f2d626964692d666f6e742d66616d696c793a53796d626f6c3b6d736f2d616e73692d6c616e67756167653a45533b6d736f2d626964692d666f6e742d7765696768743a0d0a626f6c64223ec2b73c7370616e207374796c653d22666f6e742d76617269616e742d6e756d657269633a206e6f726d616c3b20666f6e742d76617269616e742d656173742d617369616e3a206e6f726d616c3b20666f6e742d737472657463683a206e6f726d616c3b20666f6e742d73697a653a203770743b206c696e652d6865696768743a206e6f726d616c3b20666f6e742d66616d696c793a202671756f743b54696d6573204e657720526f6d616e2671756f743b3b223e266e6273703b266e6273703b266e6273703b266e6273703b266e6273703b266e6273703b266e6273703b266e6273703b0d0a3c2f7370616e3e3c2f7370616e3e3c212d2d5b656e6469665d2d2d3e3c7370616e206c616e673d2245532d5452414422207374796c653d22666f6e742d73697a653a31312e3070743b0d0a666f6e742d66616d696c793a2671756f743b417269616c2671756f743b2c73616e732d7365726966223e41706f796f20656e206c6f73207472c3a16d6974657320616d6269656e74616c657320287065726d69736f732c0d0a6175746f72697a6163696f6e65732c20706c616e6573206465206d616e656a6f2079206c6963656e6369617320616d6269656e74616c65732920616e746520434f444543484f434f3c2f7370616e3e3c7370616e206c616e673d22455322207374796c653d22666f6e742d73697a653a31312e3070743b666f6e742d66616d696c793a2671756f743b417269616c2671756f743b2c73616e732d73657269663b6d736f2d616e73692d6c616e67756167653a0d0a45533b6d736f2d626964692d666f6e742d7765696768743a626f6c64223e3c6f3a703e3c2f6f3a703e3c2f7370616e3e3c2f703e0d0a0d0a3c7020636c6173733d224d736f4e6f726d616c22207374796c653d226d617267696e2d6c6566743a31382e3070743b746578742d616c69676e3a6a7573746966793b746578742d6a7573746966793a0d0a696e7465722d6964656f67726170683b746578742d696e64656e743a2d31382e3070743b6d736f2d706167696e6174696f6e3a6e6f6e653b6d736f2d6c6973743a6c30206c6576656c31206c666f313b0d0a6d736f2d6c61796f75742d677269642d616c69676e3a6e6f6e653b746578742d6175746f73706163653a6e6f6e65223e3c212d2d5b69662021737570706f72744c697374735d2d2d3e3c7370616e206c616e673d22455322207374796c653d22666f6e742d73697a653a31312e3070743b666f6e742d66616d696c793a53796d626f6c3b6d736f2d666172656173742d666f6e742d66616d696c793a0d0a53796d626f6c3b6d736f2d626964692d666f6e742d66616d696c793a53796d626f6c3b6d736f2d616e73692d6c616e67756167653a45533b6d736f2d626964692d666f6e742d7765696768743a0d0a626f6c64223ec2b73c7370616e207374796c653d22666f6e742d76617269616e742d6e756d657269633a206e6f726d616c3b20666f6e742d76617269616e742d656173742d617369616e3a206e6f726d616c3b20666f6e742d737472657463683a206e6f726d616c3b20666f6e742d73697a653a203770743b206c696e652d6865696768743a206e6f726d616c3b20666f6e742d66616d696c793a202671756f743b54696d6573204e657720526f6d616e2671756f743b3b223e266e6273703b266e6273703b266e6273703b266e6273703b266e6273703b266e6273703b266e6273703b266e6273703b0d0a3c2f7370616e3e3c2f7370616e3e3c212d2d5b656e6469665d2d2d3e3c7370616e206c616e673d2245532d5452414422207374796c653d22666f6e742d73697a653a31312e3070743b0d0a666f6e742d66616d696c793a2671756f743b417269616c2671756f743b2c73616e732d7365726966223e41706f796f20656e206c6f73207472c3a16d6974657320646520636f6e73746974756369c3b36e20790d0a6c6567616c697a616369c3b36e206465206c6120656d70726573612e3c2f7370616e3e3c7370616e206c616e673d22455322207374796c653d22666f6e742d73697a653a31312e3070743b0d0a666f6e742d66616d696c793a2671756f743b417269616c2671756f743b2c73616e732d73657269663b6d736f2d616e73692d6c616e67756167653a45533b6d736f2d626964692d666f6e742d7765696768743a626f6c64223e3c6f3a703e3c2f6f3a703e3c2f7370616e3e3c2f703e0d0a0d0a3c7020636c6173733d224d736f4e6f726d616c22207374796c653d226d617267696e2d6c6566743a31382e3070743b746578742d616c69676e3a6a7573746966793b746578742d6a7573746966793a0d0a696e7465722d6964656f67726170683b746578742d696e64656e743a2d31382e3070743b6d736f2d706167696e6174696f6e3a6e6f6e653b6d736f2d6c6973743a6c30206c6576656c31206c666f313b0d0a6d736f2d6c61796f75742d677269642d616c69676e3a6e6f6e653b746578742d6175746f73706163653a6e6f6e65223e3c212d2d5b69662021737570706f72744c697374735d2d2d3e3c7370616e206c616e673d2245532d5452414422207374796c653d22666f6e742d73697a653a31312e3070743b666f6e742d66616d696c793a53796d626f6c3b6d736f2d666172656173742d666f6e742d66616d696c793a0d0a53796d626f6c3b6d736f2d626964692d666f6e742d66616d696c793a53796d626f6c223ec2b73c7370616e207374796c653d22666f6e742d76617269616e742d6e756d657269633a206e6f726d616c3b20666f6e742d76617269616e742d656173742d617369616e3a206e6f726d616c3b20666f6e742d737472657463683a206e6f726d616c3b20666f6e742d73697a653a203770743b206c696e652d6865696768743a206e6f726d616c3b20666f6e742d66616d696c793a202671756f743b54696d6573204e657720526f6d616e2671756f743b3b223e266e6273703b266e6273703b266e6273703b266e6273703b266e6273703b266e6273703b266e6273703b266e6273703b0d0a3c2f7370616e3e3c2f7370616e3e3c212d2d5b656e6469665d2d2d3e3c7370616e206c616e673d2245532d5452414422207374796c653d22666f6e742d73697a653a31312e3070743b0d0a666f6e742d66616d696c793a2671756f743b417269616c2671756f743b2c73616e732d7365726966223e41706f796f20656e206c6f73207472c3a16d697465732072656c6163696f6e61646f7320636f6e0d0a726567697374726f732073616e69746172696f73206520494e56494d412e3c6f3a703e3c2f6f3a703e3c2f7370616e3e3c2f703e0d0a0d0a3c7020636c6173733d224d736f4e6f726d616c22207374796c653d226d617267696e2d6c6566743a31382e3070743b746578742d616c69676e3a6a7573746966793b746578742d6a7573746966793a0d0a696e7465722d6964656f67726170683b746578742d696e64656e743a2d31382e3070743b6d736f2d706167696e6174696f6e3a6e6f6e653b6d736f2d6c6973743a6c30206c6576656c31206c666f313b0d0a6d736f2d6c61796f75742d677269642d616c69676e3a6e6f6e653b746578742d6175746f73706163653a6e6f6e65223e3c212d2d5b69662021737570706f72744c697374735d2d2d3e3c7370616e206c616e673d2245532d5452414422207374796c653d22666f6e742d73697a653a31312e3070743b666f6e742d66616d696c793a53796d626f6c3b6d736f2d666172656173742d666f6e742d66616d696c793a0d0a53796d626f6c3b6d736f2d626964692d666f6e742d66616d696c793a53796d626f6c223ec2b73c7370616e207374796c653d22666f6e742d76617269616e742d6e756d657269633a206e6f726d616c3b20666f6e742d76617269616e742d656173742d617369616e3a206e6f726d616c3b20666f6e742d737472657463683a206e6f726d616c3b20666f6e742d73697a653a203770743b206c696e652d6865696768743a206e6f726d616c3b20666f6e742d66616d696c793a202671756f743b54696d6573204e657720526f6d616e2671756f743b3b223e266e6273703b266e6273703b266e6273703b266e6273703b266e6273703b266e6273703b266e6273703b266e6273703b0d0a3c2f7370616e3e3c2f7370616e3e3c212d2d5b656e6469665d2d2d3e3c7370616e206c616e673d2245532d5452414422207374796c653d22666f6e742d73697a653a31312e3070743b0d0a666f6e742d66616d696c793a2671756f743b417269616c2671756f743b2c73616e732d7365726966223e41706f796f20656e206c6f73207472c3a16d697465732072656c6163696f6e61646f7320636f6e0d0a63657274696669636163696f6e65732079207065726d69736f732064656c204943413c6f3a703e3c2f6f3a703e3c2f7370616e3e3c2f703e0d0a0d0a3c7020636c6173733d224d736f4e6f726d616c22207374796c653d226d617267696e2d6c6566743a31382e3070743b746578742d616c69676e3a6a7573746966793b746578742d6a7573746966793a0d0a696e7465722d6964656f67726170683b746578742d696e64656e743a2d31382e3070743b6d736f2d706167696e6174696f6e3a6e6f6e653b6d736f2d6c6973743a6c30206c6576656c31206c666f313b0d0a6d736f2d6c61796f75742d677269642d616c69676e3a6e6f6e653b746578742d6175746f73706163653a6e6f6e65223e3c212d2d5b69662021737570706f72744c697374735d2d2d3e3c7370616e206c616e673d22455322207374796c653d22666f6e742d73697a653a31312e3070743b666f6e742d66616d696c793a53796d626f6c3b6d736f2d666172656173742d666f6e742d66616d696c793a0d0a53796d626f6c3b6d736f2d626964692d666f6e742d66616d696c793a53796d626f6c3b6d736f2d616e73692d6c616e67756167653a45533b6d736f2d626964692d666f6e742d7765696768743a0d0a626f6c64223ec2b73c7370616e207374796c653d22666f6e742d76617269616e742d6e756d657269633a206e6f726d616c3b20666f6e742d76617269616e742d656173742d617369616e3a206e6f726d616c3b20666f6e742d737472657463683a206e6f726d616c3b20666f6e742d73697a653a203770743b206c696e652d6865696768743a206e6f726d616c3b20666f6e742d66616d696c793a202671756f743b54696d6573204e657720526f6d616e2671756f743b3b223e266e6273703b266e6273703b266e6273703b266e6273703b266e6273703b266e6273703b266e6273703b266e6273703b0d0a3c2f7370616e3e3c2f7370616e3e3c212d2d5b656e6469665d2d2d3e3c7370616e206c616e673d2245532d5452414422207374796c653d22666f6e742d73697a653a31312e3070743b0d0a666f6e742d66616d696c793a2671756f743b417269616c2671756f743b2c73616e732d7365726966223e41706f796f20656e206c6f73207472c3a16d697465732072656c6163696f6e61646f7320636f6e20656c0d0a726567697374726f204e6163696f6e616c2064652074757269736d6f3c2f7370616e3e3c7370616e206c616e673d22455322207374796c653d22666f6e742d73697a653a31312e3070743b0d0a666f6e742d66616d696c793a2671756f743b417269616c2671756f743b2c73616e732d73657269663b6d736f2d616e73692d6c616e67756167653a45533b6d736f2d626964692d666f6e742d7765696768743a626f6c64223e3c6f3a703e3c2f6f3a703e3c2f7370616e3e3c2f703e0d0a0d0a3c7020636c6173733d224d736f4e6f726d616c22207374796c653d226d617267696e2d6c6566743a31382e3070743b746578742d616c69676e3a6a7573746966793b746578742d6a7573746966793a0d0a696e7465722d6964656f67726170683b746578742d696e64656e743a2d31382e3070743b6d736f2d6c6973743a6c30206c6576656c31206c666f31223e3c212d2d5b69662021737570706f72744c697374735d2d2d3e3c7370616e206c616e673d2245532d5452414422207374796c653d22666f6e742d73697a653a31312e3070743b666f6e742d66616d696c793a53796d626f6c3b6d736f2d666172656173742d666f6e742d66616d696c793a0d0a53796d626f6c3b6d736f2d626964692d666f6e742d66616d696c793a53796d626f6c223ec2b73c7370616e207374796c653d22666f6e742d76617269616e742d6e756d657269633a206e6f726d616c3b20666f6e742d76617269616e742d656173742d617369616e3a206e6f726d616c3b20666f6e742d737472657463683a206e6f726d616c3b20666f6e742d73697a653a203770743b206c696e652d6865696768743a206e6f726d616c3b20666f6e742d66616d696c793a202671756f743b54696d6573204e657720526f6d616e2671756f743b3b223e266e6273703b266e6273703b266e6273703b266e6273703b266e6273703b266e6273703b266e6273703b266e6273703b0d0a3c2f7370616e3e3c2f7370616e3e3c212d2d5b656e6469665d2d2d3e3c7370616e206c616e673d2245532d5452414422207374796c653d22666f6e742d73697a653a31312e3070743b0d0a666f6e742d66616d696c793a2671756f743b417269616c2671756f743b2c73616e732d7365726966223e436170616369746163696f6e6573206465736172726f6c6c6f20646520636f6d706574656e636961730d0a656d70726573617269616c6573203c6f3a703e3c2f6f3a703e3c2f7370616e3e3c2f703e0d0a0d0a3c7020636c6173733d224d736f4e6f726d616c22207374796c653d226d617267696e2d6c6566743a31382e3070743b746578742d616c69676e3a6a7573746966793b746578742d6a7573746966793a0d0a696e7465722d6964656f67726170683b746578742d696e64656e743a2d31382e3070743b6d736f2d6c6973743a6c30206c6576656c31206c666f31223e3c212d2d5b69662021737570706f72744c697374735d2d2d3e3c7370616e206c616e673d2245532d5452414422207374796c653d22666f6e742d73697a653a31312e3070743b666f6e742d66616d696c793a53796d626f6c3b6d736f2d666172656173742d666f6e742d66616d696c793a0d0a53796d626f6c3b6d736f2d626964692d666f6e742d66616d696c793a53796d626f6c223ec2b73c7370616e207374796c653d22666f6e742d76617269616e742d6e756d657269633a206e6f726d616c3b20666f6e742d76617269616e742d656173742d617369616e3a206e6f726d616c3b20666f6e742d737472657463683a206e6f726d616c3b20666f6e742d73697a653a203770743b206c696e652d6865696768743a206e6f726d616c3b20666f6e742d66616d696c793a202671756f743b54696d6573204e657720526f6d616e2671756f743b3b223e266e6273703b266e6273703b266e6273703b266e6273703b266e6273703b266e6273703b266e6273703b266e6273703b0d0a3c2f7370616e3e3c2f7370616e3e3c212d2d5b656e6469665d2d2d3e3c7370616e206c616e673d2245532d5452414422207374796c653d22666f6e742d73697a653a31312e3070743b0d0a666f6e742d66616d696c793a2671756f743b417269616c2671756f743b2c73616e732d7365726966223e436170616369746163696f6e657320656e206465736172726f6c6c6f20646520636f6d706574656e636961730d0a68756d616e61733c6f3a703e3c2f6f3a703e3c2f7370616e3e3c2f703e0d0a0d0a3c7020636c6173733d224d736f4e6f726d616c22207374796c653d226d617267696e2d6c6566743a31382e3070743b746578742d616c69676e3a6a7573746966793b746578742d6a7573746966793a0d0a696e7465722d6964656f67726170683b746578742d696e64656e743a2d31382e3070743b6d736f2d706167696e6174696f6e3a6e6f6e653b6d736f2d6c6973743a6c30206c6576656c31206c666f313b0d0a6d736f2d6c61796f75742d677269642d616c69676e3a6e6f6e653b746578742d6175746f73706163653a6e6f6e65223e3c212d2d5b69662021737570706f72744c697374735d2d2d3e3c7370616e206c616e673d22455322207374796c653d22666f6e742d73697a653a31312e3070743b666f6e742d66616d696c793a53796d626f6c3b6d736f2d666172656173742d666f6e742d66616d696c793a0d0a53796d626f6c3b6d736f2d626964692d666f6e742d66616d696c793a53796d626f6c3b6d736f2d616e73692d6c616e67756167653a45533b6d736f2d626964692d666f6e742d7765696768743a0d0a626f6c64223ec2b73c7370616e207374796c653d22666f6e742d76617269616e742d6e756d657269633a206e6f726d616c3b20666f6e742d76617269616e742d656173742d617369616e3a206e6f726d616c3b20666f6e742d737472657463683a206e6f726d616c3b20666f6e742d73697a653a203770743b206c696e652d6865696768743a206e6f726d616c3b20666f6e742d66616d696c793a202671756f743b54696d6573204e657720526f6d616e2671756f743b3b223e266e6273703b266e6273703b266e6273703b266e6273703b266e6273703b266e6273703b266e6273703b266e6273703b0d0a3c2f7370616e3e3c2f7370616e3e3c212d2d5b656e6469665d2d2d3e3c7370616e206c616e673d22455322207374796c653d22666f6e742d73697a653a31312e3070743b0d0a666f6e742d66616d696c793a2671756f743b417269616c2671756f743b2c73616e732d73657269663b6d736f2d616e73692d6c616e67756167653a45533b6d736f2d626964692d666f6e742d7765696768743a626f6c64223e4173697374656e6369610d0a74c3a9636e69636120616d6269656e74616c2e3c6f3a703e3c2f6f3a703e3c2f7370616e3e3c2f703e0d0a0d0a3c7020636c6173733d224d736f4e6f726d616c22207374796c653d226d617267696e2d6c6566743a31382e3070743b746578742d616c69676e3a6a7573746966793b746578742d6a7573746966793a0d0a696e7465722d6964656f67726170683b746578742d696e64656e743a2d31382e3070743b6d736f2d706167696e6174696f6e3a6e6f6e653b6d736f2d6c6973743a6c30206c6576656c31206c666f313b0d0a6d736f2d6c61796f75742d677269642d616c69676e3a6e6f6e653b746578742d6175746f73706163653a6e6f6e65223e3c212d2d5b69662021737570706f72744c697374735d2d2d3e3c7370616e206c616e673d22455322207374796c653d22666f6e742d73697a653a31312e3070743b666f6e742d66616d696c793a53796d626f6c3b6d736f2d666172656173742d666f6e742d66616d696c793a0d0a53796d626f6c3b6d736f2d626964692d666f6e742d66616d696c793a53796d626f6c3b6d736f2d616e73692d6c616e67756167653a45533b6d736f2d626964692d666f6e742d7765696768743a0d0a626f6c64223ec2b73c7370616e207374796c653d22666f6e742d76617269616e742d6e756d657269633a206e6f726d616c3b20666f6e742d76617269616e742d656173742d617369616e3a206e6f726d616c3b20666f6e742d737472657463683a206e6f726d616c3b20666f6e742d73697a653a203770743b206c696e652d6865696768743a206e6f726d616c3b20666f6e742d66616d696c793a202671756f743b54696d6573204e657720526f6d616e2671756f743b3b223e266e6273703b266e6273703b266e6273703b266e6273703b266e6273703b266e6273703b266e6273703b266e6273703b0d0a3c2f7370616e3e3c2f7370616e3e3c212d2d5b656e6469665d2d2d3e3c7370616e206c616e673d22455322207374796c653d22666f6e742d73697a653a31312e3070743b0d0a666f6e742d66616d696c793a2671756f743b417269616c2671756f743b2c73616e732d73657269663b6d736f2d616e73692d6c616e67756167653a4553223e417365736f72616d69656e746f20656e0d0a7472616e73666f726d616369c3b36e2070726f64756374697661266e6273703b3c6f3a703e3c2f6f3a703e3c2f7370616e3e3c2f703e, 6);

-- --------------------------------------------------------

--
-- Table structure for table `costo_insumos`
--
-- Creation: Aug 02, 2019 at 03:27 PM
--

CREATE TABLE IF NOT EXISTS `costo_insumos` (
  `id` int(11) NOT NULL AUTO_INCREMENT,
  `empresa_id` int(11) NOT NULL,
  `semanal` double NOT NULL,
  `mensual` double NOT NULL,
  `anual` double NOT NULL,
  PRIMARY KEY (`id`),
  KEY `empresa_id` (`empresa_id`)
) ENGINE=InnoDB  DEFAULT CHARSET=utf8 COLLATE=utf8_bin AUTO_INCREMENT=4 ;

--
-- Dumping data for table `costo_insumos`
--

INSERT INTO `costo_insumos` (`id`, `empresa_id`, `semanal`, `mensual`, `anual`) VALUES
(1, 1, 0, 0, 0),
(2, 2, 0, 0, 0),
(3, 4, 0, 0, 0);

-- --------------------------------------------------------

--
-- Table structure for table `costo_mano_obra`
--
-- Creation: Aug 02, 2019 at 03:27 PM
--

CREATE TABLE IF NOT EXISTS `costo_mano_obra` (
  `id` int(11) NOT NULL AUTO_INCREMENT,
  `empresa_id` int(11) NOT NULL,
  `semanal` double NOT NULL,
  `mensual` double NOT NULL,
  `anual` double NOT NULL,
  PRIMARY KEY (`id`),
  KEY `empresa_id` (`empresa_id`)
) ENGINE=InnoDB  DEFAULT CHARSET=utf8 COLLATE=utf8_bin AUTO_INCREMENT=4 ;

--
-- Dumping data for table `costo_mano_obra`
--

INSERT INTO `costo_mano_obra` (`id`, `empresa_id`, `semanal`, `mensual`, `anual`) VALUES
(1, 1, 0, 0, 0),
(2, 2, 0, 607500, 0),
(3, 4, 0, 0, 0);

-- --------------------------------------------------------

--
-- Table structure for table `cumple_nocumple`
--
-- Creation: Aug 02, 2019 at 03:27 PM
--

CREATE TABLE IF NOT EXISTS `cumple_nocumple` (
  `id` int(11) NOT NULL AUTO_INCREMENT,
  `nombre` varchar(20) COLLATE utf8_bin NOT NULL,
  PRIMARY KEY (`id`)
) ENGINE=InnoDB  DEFAULT CHARSET=utf8 COLLATE=utf8_bin AUTO_INCREMENT=3 ;

--
-- Dumping data for table `cumple_nocumple`
--

INSERT INTO `cumple_nocumple` (`id`, `nombre`) VALUES
(1, 'Cumple'),
(2, 'No cumple');

-- --------------------------------------------------------

--
-- Table structure for table `departamento`
--
-- Creation: Aug 02, 2019 at 03:27 PM
--

CREATE TABLE IF NOT EXISTS `departamento` (
  `id` int(11) NOT NULL AUTO_INCREMENT,
  `region_id` int(11) NOT NULL,
  `nombre` varchar(30) COLLATE utf8_bin NOT NULL,
  PRIMARY KEY (`id`),
  KEY `region_id` (`region_id`)
) ENGINE=InnoDB  DEFAULT CHARSET=utf8 COLLATE=utf8_bin AUTO_INCREMENT=2 ;

--
-- Dumping data for table `departamento`
--

INSERT INTO `departamento` (`id`, `region_id`, `nombre`) VALUES
(1, 3, 'CHOCÓ');

-- --------------------------------------------------------

--
-- Table structure for table `descripcion_empresa`
--
-- Creation: Aug 16, 2019 at 08:52 PM
--

CREATE TABLE IF NOT EXISTS `descripcion_empresa` (
  `id` int(11) NOT NULL AUTO_INCREMENT,
  `empresa_id` int(11) DEFAULT NULL,
  `descripcion_negocio` text COLLATE utf8_unicode_ci,
  `caracteristica_ambiental` text COLLATE utf8_unicode_ci,
  `fecha_registro` timestamp NULL DEFAULT CURRENT_TIMESTAMP,
  PRIMARY KEY (`id`)
) ENGINE=InnoDB DEFAULT CHARSET=utf8 COLLATE=utf8_unicode_ci AUTO_INCREMENT=1 ;

-- --------------------------------------------------------

--
-- Table structure for table `desc_demografia`
--
-- Creation: Aug 02, 2019 at 03:27 PM
--

CREATE TABLE IF NOT EXISTS `desc_demografia` (
  `id` int(11) NOT NULL AUTO_INCREMENT,
  `nombre` varchar(60) COLLATE utf8_bin NOT NULL,
  PRIMARY KEY (`id`)
) ENGINE=InnoDB  DEFAULT CHARSET=utf8 COLLATE=utf8_bin COMMENT='demografia' AUTO_INCREMENT=8 ;

--
-- Dumping data for table `desc_demografia`
--

INSERT INTO `desc_demografia` (`id`, `nombre`) VALUES
(1, 'Personas de comunidades indígenas'),
(2, 'Personas en situación de discapacidad'),
(3, 'Adultos mayores'),
(4, 'Madres cabeza de familia'),
(5, 'Reinsertados'),
(6, 'Desplazados'),
(7, 'Otros');

-- --------------------------------------------------------

--
-- Table structure for table `ecosistema`
--
-- Creation: Aug 02, 2019 at 03:27 PM
--

CREATE TABLE IF NOT EXISTS `ecosistema` (
  `id` int(11) NOT NULL AUTO_INCREMENT,
  `empresa_id` int(11) NOT NULL,
  `opciones_id` int(11) NOT NULL,
  `area` varchar(20) COLLATE utf8_bin NOT NULL,
  `confirmacion` varchar(10) COLLATE utf8_bin NOT NULL,
  PRIMARY KEY (`id`),
  KEY `empresa_id` (`empresa_id`),
  KEY `opciones_id` (`opciones_id`)
) ENGINE=InnoDB  DEFAULT CHARSET=utf8 COLLATE=utf8_bin AUTO_INCREMENT=22 ;

--
-- Dumping data for table `ecosistema`
--

INSERT INTO `ecosistema` (`id`, `empresa_id`, `opciones_id`, `area`, `confirmacion`) VALUES
(1, 1, 42, '', 'no'),
(2, 1, 43, '', 'no'),
(3, 1, 44, '', 'no'),
(4, 1, 45, '', 'no'),
(5, 1, 46, '', 'no'),
(6, 1, 47, '', 'no'),
(7, 1, 48, '', 'no'),
(8, 2, 42, '', 'no'),
(9, 2, 43, '', 'no'),
(10, 2, 44, '', 'no'),
(11, 2, 45, '', 'no'),
(12, 2, 46, '', 'no'),
(13, 2, 47, '', 'no'),
(14, 2, 48, '', 'no'),
(15, 4, 42, '', 'no'),
(16, 4, 43, '', 'no'),
(17, 4, 44, '', 'no'),
(18, 4, 45, '', 'si'),
(19, 4, 46, '', 'si'),
(20, 4, 47, '', 'si'),
(21, 4, 48, '', 'no');

-- --------------------------------------------------------

--
-- Table structure for table `empresa`
--
-- Creation: Aug 02, 2019 at 03:27 PM
--

CREATE TABLE IF NOT EXISTS `empresa` (
  `id` int(11) NOT NULL AUTO_INCREMENT,
  `tipo_persona_id` int(11) NOT NULL,
  `tipo_identificacion_id` int(11) NOT NULL,
  `identificacion` varchar(15) COLLATE utf8_bin NOT NULL,
  `razon_social` varchar(50) COLLATE utf8_bin NOT NULL,
  `representante_legal_id` int(11) NOT NULL COMMENT 'Representante_legal',
  `empresario_id` int(11) NOT NULL,
  `municipio_id` int(11) NOT NULL,
  `vereda` varchar(100) COLLATE utf8_bin NOT NULL,
  `direccion` varchar(100) COLLATE utf8_bin NOT NULL,
  `autoridad_ambiental_id` varchar(40) COLLATE utf8_bin NOT NULL,
  `coodenadas_n` varchar(10) COLLATE utf8_bin NOT NULL,
  `coordenadas_w` varchar(10) COLLATE utf8_bin NOT NULL,
  `altitud` varchar(10) COLLATE utf8_bin NOT NULL,
  `area` varchar(10) COLLATE utf8_bin NOT NULL,
  `pot_estado` int(11) NOT NULL COMMENT 'tiene o no tiene POT',
  `fecha_registro` varchar(40) COLLATE utf8_bin NOT NULL,
  `subsector_id` int(11) NOT NULL,
  `informacion_as` varchar(2) COLLATE utf8_bin NOT NULL,
  `verificacion1` varchar(2) COLLATE utf8_bin NOT NULL,
  `verificacion2` varchar(2) COLLATE utf8_bin NOT NULL,
  `plan_mejora` varchar(2) COLLATE utf8_bin NOT NULL,
  `puntaje` double NOT NULL,
  PRIMARY KEY (`id`),
  KEY `tipo_persona_id` (`tipo_persona_id`),
  KEY `tipo_identificacion_id` (`tipo_identificacion_id`),
  KEY `persona_id` (`representante_legal_id`),
  KEY `si_no_id` (`pot_estado`),
  KEY `municipio_id` (`municipio_id`),
  KEY `subsector_id` (`subsector_id`),
  KEY `empresario_id` (`empresario_id`)
) ENGINE=InnoDB  DEFAULT CHARSET=utf8 COLLATE=utf8_bin AUTO_INCREMENT=5 ;

--
-- Dumping data for table `empresa`
--

INSERT INTO `empresa` (`id`, `tipo_persona_id`, `tipo_identificacion_id`, `identificacion`, `razon_social`, `representante_legal_id`, `empresario_id`, `municipio_id`, `vereda`, `direccion`, `autoridad_ambiental_id`, `coodenadas_n`, `coordenadas_w`, `altitud`, `area`, `pot_estado`, `fecha_registro`, `subsector_id`, `informacion_as`, `verificacion1`, `verificacion2`, `plan_mejora`, `puntaje`) VALUES
(1, 2, 4, '900888381-7', 'FUNADACIÓN PARQUE TEMÁTICO AFRIKA', 31, 1, 4, '', 'VÍA QUIBDÓ - YUTO', 'Codechocó', '', '', '', '30 ', 1, '2018-06-08 16:16:26', 2, 'si', 'si', 'si', 'si', 58.94),
(2, 2, 4, '89160000-3', 'BOCADITOS DOÑA BETTY - ESTABLECIMIENTO COMERCIAL ', 33, 2, 1, 'Área Urbana', 'Cra 22 # 18 - 97', 'Codechocó', '', '', '', '72  Mt2', 1, '2018-06-14 15:51:44', 6, 'si', 'si', 'si', 'si', 59.36),
(4, 1, 1, '1000000000', 'PRUEBA VERDE SAS', 37, 4, 4, '', 'CLL 20 # 2-5', 'Codechocó', '258.3', '368.4', '2.5', '300', 1, '2018-08-02 10:36:23', 2, 'si', 'si', 'si', 'si', 41.36363636363637);

-- --------------------------------------------------------

--
-- Table structure for table `empresario`
--
-- Creation: Aug 02, 2019 at 03:27 PM
--

CREATE TABLE IF NOT EXISTS `empresario` (
  `id` int(11) NOT NULL AUTO_INCREMENT,
  `identificacion` varchar(15) COLLATE utf8_bin NOT NULL,
  `nombre` varchar(100) COLLATE utf8_bin NOT NULL,
  `cargo` varchar(100) COLLATE utf8_bin NOT NULL,
  PRIMARY KEY (`id`)
) ENGINE=InnoDB  DEFAULT CHARSET=utf8 COLLATE=utf8_bin AUTO_INCREMENT=5 ;

--
-- Dumping data for table `empresario`
--

INSERT INTO `empresario` (`id`, `identificacion`, `nombre`, `cargo`) VALUES
(1, '4799040', 'GREGORIO RENTERÍA MOSQUERA', 'GERENTE'),
(2, '54250989', 'Betty Amparo Moreno ', 'Representante Legal'),
(3, '22112', 'asdsdas', 'qweqeqw'),
(4, '100000000', 'lusia Niño', 'MADS');

-- --------------------------------------------------------

--
-- Table structure for table `empresas_asociacion`
--
-- Creation: Aug 16, 2019 at 08:40 PM
--

CREATE TABLE IF NOT EXISTS `empresas_asociacion` (
  `id` int(11) NOT NULL,
  `empresa_id` int(11) NOT NULL,
  `tamanio_empresa_id` int(11) NOT NULL,
  `numero_asociados` int(11) NOT NULL,
  `famiempresa_estado` int(11) NOT NULL,
  `asociacion_estado` int(11) NOT NULL,
  `fecha_registro` timestamp NOT NULL DEFAULT CURRENT_TIMESTAMP
) ENGINE=InnoDB DEFAULT CHARSET=utf8 COLLATE=utf8_unicode_ci;

-- --------------------------------------------------------

--
-- Table structure for table `empresa_empleado_edad`
--
-- Creation: Aug 16, 2019 at 09:08 PM
--

CREATE TABLE IF NOT EXISTS `empresa_empleado_edad` (
  `id` int(11) NOT NULL AUTO_INCREMENT,
  `empresa_id` int(11) NOT NULL,
  `rango_edad_id` int(11) NOT NULL,
  `cantidad` varchar(10) COLLATE utf8_bin NOT NULL,
  PRIMARY KEY (`id`),
  KEY `empresa_id` (`empresa_id`),
  KEY `edad_id` (`rango_edad_id`)
) ENGINE=InnoDB  DEFAULT CHARSET=utf8 COLLATE=utf8_bin COMMENT='caracterizacion empleado por edad' AUTO_INCREMENT=13 ;

--
-- Dumping data for table `empresa_empleado_edad`
--

INSERT INTO `empresa_empleado_edad` (`id`, `empresa_id`, `rango_edad_id`, `cantidad`) VALUES
(1, 1, 1, ''),
(2, 1, 2, ''),
(3, 1, 3, ''),
(4, 2, 1, '0'),
(5, 2, 2, '2'),
(6, 2, 3, '1'),
(10, 4, 1, '20'),
(11, 4, 2, '5'),
(12, 4, 3, '5');

-- --------------------------------------------------------

--
-- Table structure for table `empresa_empleado_sexo`
--
-- Creation: Aug 02, 2019 at 03:27 PM
--

CREATE TABLE IF NOT EXISTS `empresa_empleado_sexo` (
  `id` int(11) NOT NULL AUTO_INCREMENT,
  `empresa_id` int(11) NOT NULL,
  `socio_empleado_id` int(11) NOT NULL,
  `sexo_id` int(11) NOT NULL,
  `cantidad` int(11) NOT NULL,
  PRIMARY KEY (`id`),
  KEY `empresa_id` (`empresa_id`),
  KEY `empleado_sexo_id` (`socio_empleado_id`),
  KEY `sexo_id` (`sexo_id`)
) ENGINE=InnoDB  DEFAULT CHARSET=utf8 COLLATE=utf8_bin COMMENT='caracterizacion empleado por sexo' AUTO_INCREMENT=25 ;

--
-- Dumping data for table `empresa_empleado_sexo`
--

INSERT INTO `empresa_empleado_sexo` (`id`, `empresa_id`, `socio_empleado_id`, `sexo_id`, `cantidad`) VALUES
(1, 1, 1, 1, 2),
(2, 1, 1, 2, 3),
(3, 1, 2, 1, 0),
(4, 1, 2, 2, 0),
(5, 1, 3, 1, 0),
(6, 1, 3, 2, 0),
(7, 2, 1, 1, 0),
(8, 2, 1, 2, 1),
(9, 2, 2, 1, 0),
(10, 2, 2, 2, 1),
(11, 2, 3, 1, 0),
(12, 2, 3, 2, 3),
(19, 4, 1, 1, 3),
(20, 4, 1, 2, 4),
(21, 4, 2, 1, 2),
(22, 4, 2, 2, 1),
(23, 4, 3, 1, 20),
(24, 4, 3, 2, 10);

-- --------------------------------------------------------

--
-- Table structure for table `estado_verificacion`
--
-- Creation: Aug 02, 2019 at 03:27 PM
--

CREATE TABLE IF NOT EXISTS `estado_verificacion` (
  `id` int(11) NOT NULL AUTO_INCREMENT,
  `nombre` varchar(20) COLLATE utf8_bin NOT NULL,
  PRIMARY KEY (`id`)
) ENGINE=InnoDB  DEFAULT CHARSET=utf8 COLLATE=utf8_bin AUTO_INCREMENT=4 ;

--
-- Dumping data for table `estado_verificacion`
--

INSERT INTO `estado_verificacion` (`id`, `nombre`) VALUES
(1, 'Si'),
(2, 'No'),
(3, 'No Aplica');

-- --------------------------------------------------------

--
-- Table structure for table `etapa`
--
-- Creation: Aug 02, 2019 at 03:27 PM
--

CREATE TABLE IF NOT EXISTS `etapa` (
  `id` int(11) NOT NULL AUTO_INCREMENT,
  `nombre` varchar(100) COLLATE utf8_bin NOT NULL,
  PRIMARY KEY (`id`)
) ENGINE=InnoDB  DEFAULT CHARSET=utf8 COLLATE=utf8_bin COMMENT='etapa de verirficacion' AUTO_INCREMENT=4 ;

--
-- Dumping data for table `etapa`
--

INSERT INTO `etapa` (`id`, `nombre`) VALUES
(1, 'Propuesta'),
(2, 'En proceso'),
(3, 'Emitida');

-- --------------------------------------------------------

--
-- Table structure for table `etapa_empresa`
--
-- Creation: Aug 02, 2019 at 03:27 PM
--

CREATE TABLE IF NOT EXISTS `etapa_empresa` (
  `id` int(11) NOT NULL AUTO_INCREMENT,
  `nombre` varchar(100) COLLATE utf8_bin NOT NULL,
  PRIMARY KEY (`id`)
) ENGINE=InnoDB  DEFAULT CHARSET=utf8 COLLATE=utf8_bin COMMENT='etapa empresarial' AUTO_INCREMENT=5 ;

--
-- Dumping data for table `etapa_empresa`
--

INSERT INTO `etapa_empresa` (`id`, `nombre`) VALUES
(1, 'Idea'),
(2, 'Inversión inicial'),
(3, 'Despegue'),
(4, 'Expansión');

-- --------------------------------------------------------

--
-- Table structure for table `fas_otros_certificacion`
--
-- Creation: Aug 02, 2019 at 03:27 PM
--

CREATE TABLE IF NOT EXISTS `fas_otros_certificacion` (
  `id` int(11) NOT NULL AUTO_INCREMENT,
  `empresa_id` int(11) NOT NULL,
  `nombre` varchar(100) COLLATE utf8_bin NOT NULL,
  `etapa_id` int(11) NOT NULL,
  `vigencia` varchar(30) COLLATE utf8_bin NOT NULL,
  `observacion` varchar(100) COLLATE utf8_bin NOT NULL,
  PRIMARY KEY (`id`),
  KEY `empresa_id` (`empresa_id`),
  KEY `etapa_id` (`etapa_id`)
) ENGINE=InnoDB  DEFAULT CHARSET=utf8 COLLATE=utf8_bin AUTO_INCREMENT=4 ;

--
-- Dumping data for table `fas_otros_certificacion`
--

INSERT INTO `fas_otros_certificacion` (`id`, `empresa_id`, `nombre`, `etapa_id`, `vigencia`, `observacion`) VALUES
(1, 1, '', 1, '', ''),
(2, 2, '', 1, '', ''),
(3, 4, '', 1, '', '');

-- --------------------------------------------------------

--
-- Table structure for table `fas_otro_tenencia_tierra`
--
-- Creation: Aug 02, 2019 at 03:27 PM
--

CREATE TABLE IF NOT EXISTS `fas_otro_tenencia_tierra` (
  `id` int(11) NOT NULL AUTO_INCREMENT,
  `empresa_id` int(11) NOT NULL,
  `nombre` varchar(100) COLLATE utf8_bin NOT NULL,
  `descripcion` varchar(100) COLLATE utf8_bin NOT NULL,
  PRIMARY KEY (`id`),
  KEY `empresa_id` (`empresa_id`)
) ENGINE=InnoDB  DEFAULT CHARSET=utf8 COLLATE=utf8_bin AUTO_INCREMENT=4 ;

--
-- Dumping data for table `fas_otro_tenencia_tierra`
--

INSERT INTO `fas_otro_tenencia_tierra` (`id`, `empresa_id`, `nombre`, `descripcion`) VALUES
(1, 1, '', ''),
(2, 2, '', ''),
(3, 4, '', '');

-- --------------------------------------------------------

--
-- Table structure for table `hv1_verificacion`
--
-- Creation: Aug 02, 2019 at 03:27 PM
--

CREATE TABLE IF NOT EXISTS `hv1_verificacion` (
  `id` int(11) NOT NULL AUTO_INCREMENT,
  `empresa_id` int(11) NOT NULL,
  `opciones_id` int(11) NOT NULL,
  `estado` int(11) NOT NULL,
  `observacion` text COLLATE utf8_bin NOT NULL,
  PRIMARY KEY (`id`),
  KEY `empresa_id` (`empresa_id`),
  KEY `aplica_noaplica_id` (`estado`),
  KEY `opciones_id` (`opciones_id`)
) ENGINE=InnoDB  DEFAULT CHARSET=utf8 COLLATE=utf8_bin AUTO_INCREMENT=40 ;

--
-- Dumping data for table `hv1_verificacion`
--

INSERT INTO `hv1_verificacion` (`id`, `empresa_id`, `opciones_id`, `estado`, `observacion`) VALUES
(1, 1, 73, 1, 0x486173746120656c206d6f6d656e746f206e6f206375656e746120636f6e20726567697374726f20494e56494d41),
(2, 1, 74, 2, 0x72657669736172206c6f7320726567697374726f7320636f6e7461626c6573),
(3, 1, 75, 2, 0x72657669736172206c6f7320726567697374726f7320636f6e7461626c6573),
(4, 1, 76, 2, 0x72657669736172206c6f7320726567697374726f7320636f6e7461626c6573),
(5, 1, 77, 2, 0x72657669736172206c6f7320726567697374726f7320636f6e7461626c6573),
(6, 1, 78, 2, 0x6e626e2c),
(7, 1, 79, 2, 0x6b6b),
(8, 1, 80, 2, 0x72657669736172206c6f7320726567697374726f7320636f6e7461626c6573),
(9, 1, 81, 2, 0x72657669736172206c6f7320726567697374726f7320636f6e7461626c6573),
(10, 1, 82, 2, 0x72657669736172206c6f7320726567697374726f7320636f6e7461626c6573),
(11, 1, 83, 2, 0x6b6b6b),
(12, 1, 84, 2, 0x72657669736172206c6f7320726567697374726f7320636f6e7461626c6573),
(13, 1, 85, 2, 0x6b),
(14, 2, 73, 2, 0x5365206573746120656e2070726f6365736f2064652061646563756163696f6e6573206465206c6120706c616e74612066c3ad73696361207061726120736f6c69636974617220656c20726567697374726f20494e56494d41),
(15, 2, 74, 2, 0x4e6f20686179206d656e6f72657320646520656461642076696e63756c61646f732061206c61732061637469766964616465732070726f6475637469766173206465206c6120656d7072657361),
(16, 2, 75, 2, 0x536520726573706574616e206c617320707261637469636173206c61626f72616c6573202072656c6163696f6e6164617320636f6e206a6f726e61646173206c61626f72616c65732c206f206465206f74726f207469706f2e),
(17, 2, 76, 2, 0x4e6f207365206f6273657276616e20707261637469636173206469736372696d696e61746f72696173206f206d616c747261746f20706572736f6e616c),
(18, 2, 77, 2, 0x5365206f6273657276616e207265737065746f206465206c6f73206465726563686f732068756d616e6f73),
(19, 2, 78, 3, ''),
(20, 2, 79, 3, ''),
(21, 2, 80, 2, 0x536520666f6d656e746120656c2075736f20736f7374656e69626c65206465206c6f7320667275746f73206e617469766f73206461646f20717565206573206c61206d617465726961207072696d61207175652073652061647175696572652070617261206c6120666162726963616369c3b36e206465206c6f732070726f647563746f732e),
(22, 2, 81, 2, 0x50726f6d7565766520656c2075736f20736f7374656e69626c65206465206c612062696f646976657273696461642c20636f6d7072616e646f20612070726f766565646f72657320717565206e6f207574696c697a616e206167726f7175c3ad6d69636f73),
(23, 2, 82, 2, 0x536520666f6d656e746120656c2075736f20736f7374656e69626c65206465206c6f7320667275746f73206e617469766f73206461646f20717565206573206c61206d617465726961207072696d61207175652073652061647175696572652070617261206c6120666162726963616369c3b36e206465206c6f732070726f647563746f732e),
(24, 2, 83, 2, 0x456c2074656d61206465206c6120656c61626f72616369c3b36e20646520636f6361646173207920656e79756361646f7320792064656dc3a1732070726f647563746f7320686163656e20706172746520646520756e20636f6e6f63696d69656e746f2070726f70696f206465206c612072656769c3b36e2e),
(25, 2, 84, 2, 0x5469656e6520756e61206573637269747572612064656c2074657272656e6f20646f6e6465206f706572612e),
(26, 2, 85, 2, 0x4c6f732070726f766565646f7265732064652066727574617320736f627265206c6173206375616c657320736520656c61626f72616e206c6f732070726f647563746f73206c6f20686163656e206465206d616e657261206f7267c3a16e6963612c2073696e206167726f7175c3ad6d69636f732e),
(27, 4, 73, 2, ''),
(28, 4, 74, 1, ''),
(29, 4, 75, 1, ''),
(30, 4, 76, 1, ''),
(31, 4, 77, 1, ''),
(32, 4, 78, 1, ''),
(33, 4, 79, 2, ''),
(34, 4, 80, 1, ''),
(35, 4, 81, 1, ''),
(36, 4, 82, 2, ''),
(37, 4, 83, 1, ''),
(38, 4, 84, 2, ''),
(39, 4, 85, 1, '');

-- --------------------------------------------------------

--
-- Table structure for table `hv2_verificacion`
--
-- Creation: Aug 02, 2019 at 03:27 PM
--

CREATE TABLE IF NOT EXISTS `hv2_verificacion` (
  `id` int(11) NOT NULL AUTO_INCREMENT,
  `empresa_id` int(11) NOT NULL,
  `opciones_id` int(11) NOT NULL,
  `calificacion_id` int(11) NOT NULL,
  `observacion` text COLLATE utf8_bin NOT NULL,
  `evidencia` text COLLATE utf8_bin NOT NULL,
  PRIMARY KEY (`id`),
  KEY `empresa_id` (`empresa_id`),
  KEY `calificador_id` (`calificacion_id`),
  KEY `opciones_id` (`opciones_id`)
) ENGINE=InnoDB  DEFAULT CHARSET=utf8 COLLATE=utf8_bin AUTO_INCREMENT=151 ;

--
-- Dumping data for table `hv2_verificacion`
--

INSERT INTO `hv2_verificacion` (`id`, `empresa_id`, `opciones_id`, `calificacion_id`, `observacion`, `evidencia`) VALUES
(1, 1, 86, 2, 0x6d2c, ''),
(2, 1, 87, 3, 0x6a6a6a, ''),
(3, 1, 88, 4, 0x6d6d, ''),
(4, 1, 89, 1, 0x6d6d6d, ''),
(5, 1, 137, 1, 0x6e6e6e, ''),
(6, 1, 90, 1, 0x6a6a, ''),
(7, 1, 91, 3, 0x6a6a, ''),
(8, 1, 92, 2, 0x706b6b, ''),
(9, 1, 93, 2, 0x6b6b, ''),
(10, 1, 94, 1, 0x6d6a6a6a, ''),
(11, 1, 95, 3, 0x6e6a, ''),
(12, 1, 96, 1, 0x6d6a6a6a6a, ''),
(13, 1, 97, 1, 0x626e6e68, ''),
(14, 1, 98, 2, 0x6a6a, ''),
(15, 1, 99, 3, 0x6a6a, ''),
(16, 1, 100, 1, 0x6b6b6c, ''),
(17, 1, 101, 3, 0x6d6a6e2c6a, ''),
(18, 1, 102, 2, 0x686a6a68, ''),
(19, 1, 103, 1, 0x6e676768, ''),
(20, 1, 104, 4, 0x6e62, ''),
(21, 1, 105, 2, 0x6e206e626d, ''),
(22, 1, 106, 2, 0x6e6a6a6e6268, ''),
(23, 1, 107, 3, 0x626e626d62206d, ''),
(24, 1, 108, 2, 0x6e626d206e, ''),
(25, 1, 109, 4, 0x74746767, ''),
(26, 1, 110, 3, 0x6e68676a68, ''),
(27, 1, 111, 2, 0x6d6d, ''),
(28, 1, 112, 2, 0x2c2c, ''),
(29, 1, 113, 3, 0x6d6d, ''),
(30, 1, 114, 4, 0x6d6d, ''),
(31, 1, 115, 3, 0x206e6d6e, ''),
(32, 1, 116, 2, 0x6e7662766e, ''),
(33, 1, 117, 3, 0x62626d, ''),
(34, 1, 118, 2, 0x6d62, ''),
(35, 1, 119, 4, 0x626268, ''),
(36, 1, 120, 2, 0x6d6d, ''),
(37, 1, 121, 3, 0x6d, ''),
(38, 1, 122, 4, 0x206d6e6d, ''),
(39, 1, 123, 2, 0x6d2c6a2c, ''),
(40, 1, 124, 3, 0x6d2c6e2c, ''),
(41, 1, 125, 4, 0x6a6268, ''),
(42, 1, 126, 2, 0x6d6e2c6e, ''),
(43, 1, 127, 3, 0x206d2c6d6e2c6d, ''),
(44, 1, 128, 1, 0x6d2c6e2c, ''),
(45, 1, 129, 2, 0x206e6e6d, ''),
(46, 1, 130, 3, 0x20206e, ''),
(47, 1, 133, 1, 0x6a6e, ''),
(48, 1, 134, 3, 0x2c6d6e2c, ''),
(49, 1, 135, 2, 0x206d6d, ''),
(50, 1, 136, 1, 0x6d2c6d, ''),
(51, 2, 86, 2, 0x6c61206f7267616e697a616369c3b36e206c6c657661206c6120706172746520636f6e7461626c6520656e206c6962726f73207065726f207365206465206f7267616e697a617220792061637475616c697a61723b2056657220696e74656e746f7320646520726567697374726f7320612070617274697220646520636170616369746163696f6e6573207265636962696461732028566572206361727065746120312c3129, ''),
(52, 2, 87, 3, 0x5365207469656e656e206964656e746966696361646f73206c6f7320636c69656e7465732c2074656e69656e646f20656e206375656e74612071756520636f6d65726369616c697a616e206c6f732070726f647563746f7320656e20656c206165726f70756572746f2c20656e20656c206d657263616d6573202873757065726d65726361646f20726567696f6e616c2920656e206c61207061696c61206465206c6120616275656c612c2070616e61646572c3ad6120656c2074726967616c2c2079206c61732067616c6c65746173207175652061636f6d7061c3b1616e206c6f732068656c61646f73202868656c61646f73207175652073652076656e64656e2061206e6976656c206c6f63616c292e205369206269656e206e6f207469656e6520636c61726f73206c6f7320726567697374726f73206465207375206361706163696461642064652070726f6475636369c3b36e20736162652071756520656e20756e2064c3ad6120707565646520656c61626f72617220656e747265203330207920343020636f6361646173206465207361626f726573206469666572656e7465733b206573746f206c65207065726d69746520706f64657220636f6d70726f6d6574657273652079207361626572206c6f7320636f6d70726f6d69736f73207175652061646d6974652061206e6976656c20636f6d65726369616c2e0d0a56657220666f746f7320646520656c61626f72616369c3b36e2064652067616c6c6574617320706f722070656469646f0d0a28566572206361727065746120312c3229, ''),
(53, 2, 88, 2, 0x4a756e746f20636f6e20656c20445053207365206c6520657374c3a12061797564616e646f2061206d656a6f726172207375206d6f64656c6f207920706c616e206465206e65676f63696f20656e20756e2070726f6772616d612064656c2071756520657320706172746963697065202e0d0a0d0a56657220666f746f73206465206d616e75616c657320706172612063726561722068c3a16269746f7320656d70726573617269616c65732064656c204450532028566572204361727065746120464f524d41544f20444520494e464f524d4143494f4e2041532050554e544f2034207920637269746572696f20312c3329, ''),
(54, 2, 89, 2, 0x5369206269656e207469656e6520636c69656e7465732066696a6f7320792070656469646f7320636f6e7374616e7465732c20616c206e6f2074656e65722072656769737474726f7320646520636f6e746162696c69646164206e6f20736520707565646520707265636973617220636f6e206578616374697475642065737461207061727465, ''),
(55, 2, 137, 1, 0x4e6f207469656e652020646566696e69646f20636f6e20657861637469747564202071756520636f6d706f6e6520656c2070726563696f207175652066696a612061207375732070726f647563746f7320, ''),
(56, 2, 90, 3, 0x456e207375206d61796f72c3ad6120736f6e2070726f766565646f726573206c6f63616c657320717565207574696c697a616e20667275746f73206e617469766f732e2053696e20656d626172676f2c20656e20656c206361736f2064656c20636f636f20717565206573206d617465726961207072696d612062c3a173696361202073652074726165206465736465204d6564656c6c696e2c20656e746f6e636573206e6f207365207469656e6520636c61726964616420736f627265207375206f726967656e3b2079612071756520656e20656c20646570617274616d656e746f206c6f7320636f636f7465726f73206e6f20657374c3a16e2066756e63696f6e616e646f20612070657361722064652071756520657320756e2063756c7469766f20717565206465626572c3ad6120646172736520616c6cc3ad2066c3a163696c6d656e7465207065726f206e6f207365206861206c6f677261646f2020200d0a0d0a56657220666f746f20636f636f7320747261c3ad646f73206465204d6564656c6cc3ad6e2e0d0a28566572206361727065746120312c36202020312c313029, ''),
(57, 2, 91, 2, 0x4465206d616e65726120696e6469726563746120616c2070726566657269722070726f647563746f73206c6f63616c6573206e617469766f7320717565206e6f207574696c6963656e206e696e67c3ba6e206167726f7175c3ad6d69636f2c20736520657374c3a1202061797564616e646f206120636f6e736572766172206c6f732065636f73697374656d6173206e61747572616c6573206578697374656e7465732e20, ''),
(58, 2, 92, 3, 0x4465206d616e65726120696e6469726563746120616c2070726566657269722070726f647563746f73206c6f63616c6573206e617469766f7320717565206e6f207574696c6963656e206e696e67c3ba6e206167726f7175c3ad6d69636f2c20736520657374c3a1202061797564616e646f206120636f6e736572766172206c6f732065636f73697374656d6173206e61747572616c6573206578697374656e7465732e20, ''),
(59, 2, 93, 2, 0x456c2020636f636f2c206d617465726961207072696d612062c3a1736963612c20736520616471756965726520656e204d6564656c6cc3ad6e2e20536520646573636f6e6f6365207375206f726967656e2c20736920657320646520696d706f7274616369c3b36e206f206e6f3b2074656e69656e646f20656e206375656e74612071756520656e20656c20646570617274616d656e746f206c6f7320636f636f7465726f73206e6f2073652068616e206c6f677261646f206461722e0d0a0d0a56657220666f746f20636f636f7320747261c3ad646f73206465204d6564656c6cc3ad6e2e0d0a28566572206361727065746120312c36202020312c313029, ''),
(60, 2, 94, 2, 0x456c2020636f636f2c206d617465726961207072696d612062c3a1736963612c20736520616471756965726520656e204d6564656c6cc3ad6e2e20536520646573636f6e6f6365207375206f726967656e2c20736920657320646520696d706f7274616369c3b36e206f206e6f3b2074656e69656e646f20656e206375656e74612071756520656e20656c20646570617274616d656e746f206c6f7320636f636f7465726f73206e6f2073652068616e206c6f677261646f206461722e, ''),
(61, 2, 95, 3, 0x486163652075736f20736f7374656e69626c65206465206c612062696f6469766572697364616420616c20707265666572697220656e207375206d61796f72c3ad612070726f766565646f726573206c6f63616c657320646520667275746f73206e617469766f7320717565206e6f207574696c697a616e206167726f7175c3ad6d69636f73, ''),
(62, 2, 96, 3, 0x5469656e6520696d706c656d656e7461646f20756e2073697374656d6120646520686f726e6f732061206761730d0a56657220666f746f7320686f726e6f730d0a28566572206361727065746120312c3132202020312c3237290d0a, ''),
(63, 2, 97, 3, 0x4c6f7320686f726e6f7320792073697374656d6120646520636f636369c3b36e20657374c3a1206120676173206465736465206861636520747265732061c3b16f73207920656e20656c20726573746f2064656c206c75676172207469656e6520626f6d62696c6c6f732061686f727261646f726573200d0a0d0a56657220626f6d62696c6c6f732061686f727261646f7265730d0a28566572206361727065746120312c3133290d0a28566572206361727065746120312c3132202020312c323729, ''),
(64, 2, 98, 2, 0x5369206269656e2064656a6f2076657220717565207469656e65206964656e746966696361646f73206c6f7320696d706163746f732061206c6f206c6172676f206465206c6120656e7472657669737461207265616c697a6164613b20706f7220756e61207061727465206e6f2073652068616e20646f63756d656e7461646f207920706f72206f7472612c206e6f2068617920636c61726964616420736f627265206c617320616363696f6e65732071756520707565646520746f6d617220616c20726573706563746f2e20, ''),
(65, 2, 99, 2, 0x5369206269656e2064656a6f2076657220717565207469656e65206964656e746966696361646f73206c6f7320696d706163746f732061206c6f206c6172676f206465206c6120656e7472657669737461207265616c697a6164613b20706f7220756e61207061727465206e6f2073652068616e20646f63756d656e7461646f207920706f72206f7472612c206e6f2068617920636c61726964616420736f627265206c617320616363696f6e65732071756520707565646520746f6d617220616c20726573706563746f2e20, ''),
(66, 2, 100, 2, 0x456e206375616e746f2061206c612070726f766565647572c3ad6120646520667275746173206e6174697661732c2073692073652068616365202e2053696e20656d626172676f2c206c61206d617465726961207072696d61206dc3a17320696d706f7274616e74652062c3a1736963612073652074726165206465204d6564656c6cc3ad6e207920736520646573636f6e6f636520656c206f726967656e20646520657374652070726f647563746f2c20736520637265652071756520657320696d706f727461646f, ''),
(67, 2, 101, 2, 0x4c6120647565c3b16120657320756e6120656d7072656e6465646f726120636f6e2062617374616e746520696e69636961746976612c20636170616369746120612020756e6120656d706c6561646120717565207469656e6520636f6e7374616e746520656e20636f6d6f206861636572206c617320636f63616461732c206c657320696e646963612c206c6f20707261637469636120636f6e20656c2066696e2064652071756520656c6c6120636f6a61206c612064696e616d696361, ''),
(68, 2, 102, 2, 0x536520766520696e6e6f76616369c3b36e20656e206375616e746f2061206c6f73207361626f726573206e617469766f732071756520736f6e20696e636c7569646f7320656e206c617320636f63616461732e2053696e20656d626172676f2c2074656e69656e646f20656e206375656e74612071756520657320756e6120656d7072657361207065717565c3b16120646f6e646520736f6c6f20657320737520647565c3b16120636f6e2073757320646f73206173697374656e746573207365206c65206469666963756c746120706f7220656c207469656d706f20717565206465626520646564696361726c65206120737520656d70726573612070656e73617220656e206f74726f207469706f20646520616363696f6e6573206dc3a17320696e6e6f7661646f726173206f20646520696e766573746967616369c3b36e20, ''),
(69, 2, 103, 2, 0x53652061636c6172612071756520656e207375206d61796f72c3ad61206c61732066727574617320616c2076656e69722064652063756c7469766f732073696e206167726f7175c3ad6d69636f7320792061206573746f2073652073756d612071756520656c6c6120656e20656c2070726f6365736f20646520656c61626f72616369c3b36e206465206c617320636f6361646173206e6f207573612070726573657276617469766f732c206c612076696461207574696c2073652065787469656e646520616c206dc3a178696d6f2074656e69656e646f20656e206375656e74612071756520657320756e2070726f647563746f206e61747572616c2079206573746f206573206c6f20717565207365207175696572652076656e6465722e20506f7220656a656d706c6f206c617320636f6361646173206465206c65636865207469656e656e20756e6120647572616369c3b36e20646520656e74726520313520792032302064c3ad6173, ''),
(70, 2, 104, 2, 0x53652061636c6172612071756520656e207375206d61796f72c3ad61206c61732066727574617320616c2076656e69722064652063756c7469766f732073696e206167726f7175c3ad6d69636f7320792061206573746f2073652073756d612071756520656c6c6120656e20656c2070726f6365736f20646520656c61626f72616369c3b36e206465206c617320636f6361646173206e6f207573612070726573657276617469766f732c206c612076696461207574696c2073652065787469656e646520616c206dc3a178696d6f2074656e69656e646f20656e206375656e74612071756520657320756e2070726f647563746f206e61747572616c2079206573746f206573206c6f20717565207365207175696572652076656e6465722e20506f7220656a656d706c6f206c617320636f6361646173206465206c65636865207469656e656e20756e6120647572616369c3b36e20646520656e74726520313520792032302064c3ad6173, ''),
(71, 2, 105, 3, 0x4c612020647565c3b16120792073757320656d706c65616461732068616e20746f6d61646f20637572736f7320656e20656c2053454e412070617261206275656e6173207072c3a16374696361732079206d616e656a6f20646520616c696d656e746f732c2073696e20656d626172676f20736520656e6375656e74726120656e20756e2070726f6365736f206465206164656375616369c3b36e206c6f206375616c206c65206469666963756c746120756e20706f636f20656e2065737465206d6f6d656e746f200d0a56657220636f6e73747275636369c3b36e20766563696e6120792075736f20646520676f72726f20792074617061626f63617320706f72207061727465206465206c617320656d706c65616461732e0d0a28566572206361727065746120312c3231290d0a, ''),
(72, 2, 106, 3, '', ''),
(73, 2, 107, 2, 0x436f6d6f207365206d656e63696f6ec3b320616e746572696f726d656e74652c2067656e657261206772616e2063616e7469646164206465207265736964756f73206f7267c3a16e69636f7320656e20656c2070726f6365736f20792061c3ba6e206e6f207469656e6520736f6c7563696f6e61646f20656c206d616e656a6f206465206573746f73206120706573617220646520616c67756e6173207072756562617320636f6e20707265706172616369c3b36e2064652061626f6e6f7320636f6e20617975646120646520616c677569656e2071756520616e746572696f726d656e7465206861207265636f6769646f206573746f73207265736964756f73, ''),
(74, 2, 108, 4, 0x506f722073657220756e2074656d6120646520616c696d656e746f73, ''),
(75, 2, 109, 4, 0x506f722073657220756e2074656d6120646520616c696d656e746f73, ''),
(76, 2, 110, 2, 0x4163617475616c6d656e7465206c6120656d707265736120657374612068616369656e646f20636d6162696f7320646520656d70617175657320706f7220756e6f206d617320616d696761626c6520636f6e20656c206d6564696f20616d6269656e74652079206573746f73207365616e2062696f6465677261626c6573, ''),
(77, 2, 111, 2, 0x4861636520332061c3b16f732072656e6f76c3b32073752073697374656d6120646520686f726e6f206120636f636369c3b36e2061206761732e0d0a0d0a56657220666f746f7320686f726e6f730d0a28566572206361727065746120312c3132202020312c323729, ''),
(78, 2, 112, 3, 0x546f646120656c20616775612071756520636f6e73756d652070726f7669656e65206465206167756173206c6c757669617320656e20646f6e6465206c617320747261746120636f6e20756e612070617374696c6c61206576656e7475616c6d656e74652c20636f6e206c696d7069657a61206465206c6f732074616e71756573207920656c206865727669646f206465206c61206d69736d612e, ''),
(79, 2, 113, 2, 0x5369206269656e20657320636f6e736369656e746520646520636f6e737472756363696f6e65732063657263616e617320656e2070726f6365736f2c2064652071756520657374c3a1207562696361646120656e20756e612076c3ad61207072696e636970616c20706f722074656d617320636f6d6f207275c3ad646f207920706f6c766f2c206573746f206e6f206861636520706172746520646520756e20646f63756d656e746f20636f6d6f2074616c2e20506f7220656e6465206c696d697461206c6120706f736962696c6964616420646520746f6d617220616363696f6e657320616c20726573706563746f207075657320657320756e2074c3ad7069636f2062617272696f20757262616e6f206465206c6120636975646164206465205175696264c3b32e, ''),
(80, 2, 114, 2, 0x5369206269656e20657320636f6e736369656e746520646520636f6e737472756363696f6e65732063657263616e617320656e2070726f6365736f2c2064652071756520657374c3a1207562696361646120656e20756e612076c3ad61207072696e636970616c20706f722074656d617320636f6d6f207275c3ad646f207920706f6c766f2c206573746f206e6f206861636520706172746520646520756e20646f63756d656e746f20636f6d6f2074616c2e20506f7220656e6465206c696d697461206c6120706f736962696c6964616420646520746f6d617220616363696f6e657320616c20726573706563746f207075657320657320756e2074c3ad7069636f2062617272696f20757262616e6f206465206c6120636975646164206465205175696264c3b32e0d0a56657220666f746f20646520636f6e73747275636369c3b36e20766563696e610d0a28566572206361727065746120312c3330290d0a, ''),
(81, 2, 115, 2, 0x4c612070726f6475636369c3b36e2074616e746f2064652073752070726f766565647572c3ad6120636f6d6f2064656e74726f206465206c6120656d7072657361206469736d696e75796520656c20636f6e73756d6f206465207265637572736f732072656e6f7661626c65732079206e6f2072656e6f7661626c65732c2073696e20656d626172676f20706f7220656c2074656d61206465206c6f7320656d706171756573206e6f207365206861206578706c6f7261646f20657374652074656d612e0d0a0d0a56657220666f746f2064656c20656d7061717565206465206c617320636f63616461732e0d0a28566572204361727065746120312c32362020312c3331202020312c3336202020312c33382020312c34312020312c343329, ''),
(82, 2, 116, 4, '', ''),
(83, 2, 117, 2, 0x53757320656d706c656164617320736520656e636f6e74726162616e2070657266656374616d656e746520756e69666f726d61646173206465206163756572646f2061206c6173206e6f726d6173206573746970756c616461732070617261206d616e6970756c616369c3b36e20646520616c696d656e746f732e0d0a426174657269617320646520636f63696e61206164656375616461732c207920656d706c656164617320636f6e2075736f20646520656c656d656e746f7320616465637561646f732e0d0a28566572206361727065746120312c333329, ''),
(84, 2, 118, 4, '', ''),
(85, 2, 119, 2, 0x47656e65726120646f7320656d706c656f73206c6f63616c65732c2071756520647572616e7465206c6120636861726c6120636f6e206c617320656d706c6561646173207369206c65732068612063616d626961646f206c61207669646120656c20686563686f20646520636f6e74617220636f6e206573746520696e677265736f2063617369207065726d616e656e746520, ''),
(86, 2, 120, 2, 0x4dc3a17320616c6cc3a1206465206c6120657469717565746120717565206c6520706f6e652061207375732070726f647563746f732c206c6520686163652066616c746120726573616c746172206c6f732062656e65666963696f7320736f6369616c6573207920616d6269656e74616c65732064652073752070726f647563746f2e2041646963696f6e616c6d656e74652070617361206d7563686f207469656d706f20736f6c6120706f72206c6f20717565206e6f206c6520657320706f7369626c652020636f6d7061727469722020636f6e206f74726f7320656d7072656e6465646f7265732e0d0a56657220666f746f206465206c612065746971756574612e0d0a28566572204361727065746120312c32362020312c33312020312c3336202020312c33382020312c34312020312c343329, ''),
(87, 2, 121, 4, '', ''),
(88, 2, 122, 1, 0x456c20656e7661736520636f6d6f207365206d656e63696f6ec3b320616e74657269726f6d656e746520657320646520706cc3a1737469636f2c20656e206c61206574697175657461206e6f20736520636f6d756e696361207369207365206465626572c3ad612072656369636c61722c206465766f6c766572206f20646973706f6e657220646520c3a96c2e2053696e20656d626172676f20706f722073657220616c696d656e746f73206e6f2065732066c3a163696c206461646173206c617320636f6e646963696f6e6573206d616e656a617220756e2074656d61206465206465766f6c756369c3b36e2c2070726566657269626c656d656e74652064652072656369636c6172206f20636f6d6f20646973706f6e657220646520c3a96c20616c2066696e616c697a61722073752075736f206f2063616d6269617220656c206d6174657269616c2e0d0a56657220666f746f206465206c612065746971756574612e0d0a28566572204361727065746120312c32362020312c33312020312c33362020312c33382020312c34312020312c343329, ''),
(89, 2, 123, 3, 0x4e6f20736f6c616d656e7465207469656e6520646f73206173697374656e746573206c6f63616c65732073696e6f2074616d6269c3a96e2061206e6976656c2064652070726f766565647572c3ad612067656e65726120656d706c656f7320696e6469726563746f73206c6f63616c65732e, ''),
(90, 2, 124, 4, '', ''),
(91, 2, 125, 1, 0x46616c746120636f6d756e696361722074656d617320636f6d6f20656c206d616e656a6f206f20636f72726563746120646973706f73696369c3b36e2064656c20656d70617175652079206465206c6f732062656e65666963696f7320736f6369616c6573207920616d6269656e74616c65732064656c2070726f647563746f2e0d0a56657220666f746f206465206c612065746971756574612e0d0a28566572204361727065746120312c32362020312c33312020312c33362020312c33382020312c34312020312c343329, ''),
(92, 2, 126, 3, 0x457320756e6120706572736f6e61206d757920717565726964612079207265636f6e6f6369646120706f72206c6120636f6d756e6964616420706f72207265737065746172206573746120636c6173652064652074656d617320, ''),
(93, 2, 127, 2, 0x5369206269656e20656e206c61206574697175657461206170617265636520756e2074656cc3a9666f6e6f20646f6e6465206576656e7475616c6d656e7465206c652070756564656e20686163657220756e6120636f6e73756c74612c207175656a61206f207265636c616d6f2c206e6f20657374c3a1206573746970756c61646f20636f6d6f20756e2070726f6772616d612e2054616d706f636f206d616e656a6120756e20636f7272656f20656c656374c3b36e69636f2071756520736572c3ad61206f74726120616c7465726e61746976612070617261206174656e646572206573746f732074656d61732e, ''),
(94, 2, 128, 3, 0x4c6f732070726f647563746f73207175652070726f6475636520686163656e207061727465206465206c612067617374726f6e6f6dc3ad61206c6f63616c2061206e6976656c206465206c612072656769c3b36e20706163c3ad6669636f2e2020, ''),
(95, 2, 129, 2, 0x41756e71756520656e206c6173206574697175657461732073652064657374616361206c6f73207361626f7265732c2066616c746120636f6d756e69636172206d656a6f72206c6f732074656d61732064652075736f20646520667275746173206e6174697661732079206c6f7320696d706163746f732061206e6976656c20736f6369616c207920616d6269656e74616c206465206c61206163746976696461642e, ''),
(96, 2, 130, 2, 0x50726f6d75657665206c6f73207361626f726573206e617469766f73, ''),
(97, 2, 133, 1, 0x41c3ba6e206e6f20657320756e6120656d70726573612070617261206c6c6567617220612065737465206e6976656c, ''),
(98, 2, 134, 1, '', ''),
(99, 2, 135, 1, '', ''),
(100, 2, 136, 1, '', ''),
(101, 4, 86, 2, '', ''),
(102, 4, 87, 1, '', ''),
(103, 4, 88, 2, '', ''),
(104, 4, 89, 1, '', ''),
(105, 4, 137, 1, '', ''),
(106, 4, 90, 1, '', ''),
(107, 4, 91, 1, '', ''),
(108, 4, 92, 1, '', ''),
(109, 4, 93, 1, '', ''),
(110, 4, 94, 1, '', ''),
(111, 4, 95, 1, '', ''),
(112, 4, 96, 1, '', ''),
(113, 4, 97, 1, '', ''),
(114, 4, 98, 1, '', ''),
(115, 4, 99, 1, '', ''),
(116, 4, 100, 2, '', ''),
(117, 4, 101, 1, '', ''),
(118, 4, 102, 1, '', ''),
(119, 4, 103, 1, '', ''),
(120, 4, 104, 1, '', ''),
(121, 4, 105, 1, '', ''),
(122, 4, 106, 1, '', ''),
(123, 4, 107, 1, '', ''),
(124, 4, 108, 1, '', ''),
(125, 4, 109, 1, '', ''),
(126, 4, 110, 1, '', ''),
(127, 4, 111, 3, '', ''),
(128, 4, 112, 2, '', ''),
(129, 4, 113, 1, '', ''),
(130, 4, 114, 1, '', ''),
(131, 4, 115, 1, '', ''),
(132, 4, 116, 1, '', ''),
(133, 4, 117, 3, '', ''),
(134, 4, 118, 3, '', ''),
(135, 4, 119, 3, '', ''),
(136, 4, 120, 3, '', ''),
(137, 4, 121, 3, '', ''),
(138, 4, 122, 3, '', ''),
(139, 4, 123, 3, '', ''),
(140, 4, 124, 3, '', ''),
(141, 4, 125, 3, '', ''),
(142, 4, 126, 3, '', ''),
(143, 4, 127, 3, '', ''),
(144, 4, 128, 3, '', ''),
(145, 4, 129, 3, '', ''),
(146, 4, 130, 3, '', ''),
(147, 4, 133, 3, '', ''),
(148, 4, 134, 3, '', ''),
(149, 4, 135, 3, '', ''),
(150, 4, 136, 3, '', '');

-- --------------------------------------------------------

--
-- Table structure for table `img_empresa`
--
-- Creation: Aug 02, 2019 at 03:27 PM
-- Last update: Aug 02, 2019 at 03:27 PM
-- Last check: Aug 02, 2019 at 03:27 PM
--

CREATE TABLE IF NOT EXISTS `img_empresa` (
  `id` int(11) NOT NULL AUTO_INCREMENT,
  `empresa_id` int(11) NOT NULL,
  `imagen` text NOT NULL,
  PRIMARY KEY (`id`),
  KEY `empresa_id` (`empresa_id`)
) ENGINE=MyISAM  DEFAULT CHARSET=latin1 AUTO_INCREMENT=5 ;

--
-- Dumping data for table `img_empresa`
--

INSERT INTO `img_empresa` (`id`, `empresa_id`, `imagen`) VALUES
(1, 1, '1_afrika.jpg'),
(2, 2, '2_doña_bety.jpg'),
(4, 4, '');

-- --------------------------------------------------------

--
-- Table structure for table `img_page`
--
-- Creation: Aug 02, 2019 at 03:27 PM
--

CREATE TABLE IF NOT EXISTS `img_page` (
  `id` int(11) NOT NULL AUTO_INCREMENT,
  `nombre` varchar(60) COLLATE utf8_bin NOT NULL,
  `ruta` varchar(100) COLLATE utf8_bin NOT NULL,
  PRIMARY KEY (`id`)
) ENGINE=InnoDB  DEFAULT CHARSET=utf8 COLLATE=utf8_bin AUTO_INCREMENT=23 ;

--
-- Dumping data for table `img_page`
--

INSERT INTO `img_page` (`id`, `nombre`, `ruta`) VALUES
(6, 'NO APLICA', 'NO APLICA'),
(7, 'LOGO VENTANILLA', 'logo1.png'),
(8, 'LOGO MERCADOS VERDES', 'logo_nv.png'),
(16, 'expo', 'BANNERPROMOCIONALcode.jpg'),
(17, 'apertura', 'apertura.png'),
(21, 'feria2', 'DjB1FnYXgAAigwO.jpg'),
(22, 'foto4', 'foto.jpg');

-- --------------------------------------------------------

--
-- Table structure for table `institucion`
--
-- Creation: Aug 02, 2019 at 03:27 PM
--

CREATE TABLE IF NOT EXISTS `institucion` (
  `id` int(11) NOT NULL AUTO_INCREMENT,
  `empresa_id` int(11) NOT NULL,
  `apoyo` varchar(100) COLLATE utf8_bin NOT NULL,
  `entidad` varchar(100) COLLATE utf8_bin NOT NULL,
  `orientacion_id` int(11) NOT NULL,
  `año` varchar(20) COLLATE utf8_bin NOT NULL,
  PRIMARY KEY (`id`),
  KEY `empresa_id` (`empresa_id`),
  KEY `orientacion_id` (`orientacion_id`)
) ENGINE=InnoDB  DEFAULT CHARSET=utf8 COLLATE=utf8_bin COMMENT='apoyo de institucion' AUTO_INCREMENT=16 ;

--
-- Dumping data for table `institucion`
--

INSERT INTO `institucion` (`id`, `empresa_id`, `apoyo`, `entidad`, `orientacion_id`, `año`) VALUES
(1, 1, '', '', 1, ''),
(2, 1, '', '', 1, ''),
(3, 1, '', '', 1, ''),
(4, 1, '', '', 1, ''),
(5, 1, '', '', 1, ''),
(6, 2, 'Acompañamiento empresrial', 'SENA', 2, '2014'),
(7, 2, 'Capacitación', 'DPS', 2, '2015'),
(8, 2, 'Capacitación', 'EPS', 2, '2016'),
(9, 2, '', '', 1, ''),
(10, 2, '', '', 1, ''),
(11, 4, '', '', 1, ''),
(12, 4, '', '', 1, ''),
(13, 4, '', '', 1, ''),
(14, 4, '', '', 1, ''),
(15, 4, '', '', 1, '');

-- --------------------------------------------------------

--
-- Table structure for table `involucra`
--
-- Creation: Aug 02, 2019 at 03:27 PM
--

CREATE TABLE IF NOT EXISTS `involucra` (
  `id` int(11) NOT NULL AUTO_INCREMENT,
  `empresa_id` int(11) NOT NULL,
  `opciones_id` int(11) NOT NULL,
  `confirmacion` varchar(10) COLLATE utf8_bin NOT NULL,
  PRIMARY KEY (`id`),
  KEY `empresa_id` (`empresa_id`),
  KEY `opciones_id` (`opciones_id`)
) ENGINE=InnoDB  DEFAULT CHARSET=utf8 COLLATE=utf8_bin AUTO_INCREMENT=10 ;

--
-- Dumping data for table `involucra`
--

INSERT INTO `involucra` (`id`, `empresa_id`, `opciones_id`, `confirmacion`) VALUES
(1, 1, 53, 'no'),
(2, 1, 54, 'no'),
(3, 1, 55, 'no'),
(4, 2, 53, 'no'),
(5, 2, 54, 'si'),
(6, 2, 55, 'no'),
(7, 4, 53, 'si'),
(8, 4, 54, 'no'),
(9, 4, 55, 'no');

-- --------------------------------------------------------

--
-- Table structure for table `licencia`
--
-- Creation: Aug 02, 2019 at 03:27 PM
--

CREATE TABLE IF NOT EXISTS `licencia` (
  `id` int(11) NOT NULL AUTO_INCREMENT,
  `empresa_id` int(11) NOT NULL,
  `opciones_id` int(11) NOT NULL,
  `aplica_noaplica_id` int(11) NOT NULL,
  `cumple_nocumple_id` int(11) NOT NULL,
  `vigencia` varchar(20) COLLATE utf8_bin NOT NULL,
  `observacion` varchar(50) COLLATE utf8_bin NOT NULL,
  PRIMARY KEY (`id`),
  KEY `cumple_nocumple_id` (`cumple_nocumple_id`),
  KEY `aplica_noaplica_id` (`aplica_noaplica_id`),
  KEY `opciones_id` (`opciones_id`),
  KEY `empresa_id` (`empresa_id`)
) ENGINE=InnoDB  DEFAULT CHARSET=utf8 COLLATE=utf8_bin AUTO_INCREMENT=4 ;

--
-- Dumping data for table `licencia`
--

INSERT INTO `licencia` (`id`, `empresa_id`, `opciones_id`, `aplica_noaplica_id`, `cumple_nocumple_id`, `vigencia`, `observacion`) VALUES
(1, 1, 27, 2, 2, '', ''),
(2, 2, 27, 2, 2, '', ''),
(3, 4, 27, 2, 2, '', '');

-- --------------------------------------------------------

--
-- Table structure for table `login`
--
-- Creation: Aug 02, 2019 at 03:27 PM
--

CREATE TABLE IF NOT EXISTS `login` (
  `id` int(11) NOT NULL AUTO_INCREMENT,
  `usuario` varchar(50) COLLATE utf8_bin NOT NULL,
  `clave` varchar(50) COLLATE utf8_bin NOT NULL,
  `persona_id` int(11) NOT NULL,
  PRIMARY KEY (`id`),
  KEY `persona_id` (`persona_id`)
) ENGINE=InnoDB  DEFAULT CHARSET=utf8 COLLATE=utf8_bin COMMENT='usuario' AUTO_INCREMENT=14 ;

--
-- Dumping data for table `login`
--

INSERT INTO `login` (`id`, `usuario`, `clave`, `persona_id`) VALUES
(6, 'yovanny', 'yovanny', 25),
(11, '1077467646', '1077467646', 30),
(12, '11795555', '11795555', 32),
(13, '12345', '12345', 36);

-- --------------------------------------------------------

--
-- Table structure for table `modulo`
--
-- Creation: Aug 16, 2019 at 10:55 PM
--

CREATE TABLE IF NOT EXISTS `modulo` (
  `id` int(11) NOT NULL AUTO_INCREMENT,
  `nombre` varchar(45) COLLATE utf8_unicode_ci DEFAULT NULL,
  `descripcion` varchar(45) COLLATE utf8_unicode_ci DEFAULT NULL,
  `fecha_registro` timestamp NULL DEFAULT CURRENT_TIMESTAMP,
  `controlador` varchar(45) COLLATE utf8_unicode_ci DEFAULT NULL,
  `icon` varchar(45) COLLATE utf8_unicode_ci DEFAULT NULL,
  PRIMARY KEY (`id`)
) ENGINE=InnoDB DEFAULT CHARSET=utf8 COLLATE=utf8_unicode_ci AUTO_INCREMENT=1 ;

-- --------------------------------------------------------

--
-- Table structure for table `modulo_rol`
--
-- Creation: Aug 16, 2019 at 10:59 PM
--

CREATE TABLE IF NOT EXISTS `modulo_rol` (
  `id` int(11) NOT NULL AUTO_INCREMENT,
  `rol_id` int(11) DEFAULT NULL,
  `modulo_id` int(11) DEFAULT NULL,
  `fecha_registro` timestamp NULL DEFAULT CURRENT_TIMESTAMP,
  PRIMARY KEY (`id`)
) ENGINE=InnoDB DEFAULT CHARSET=utf8 COLLATE=utf8_unicode_ci AUTO_INCREMENT=1 ;

-- --------------------------------------------------------

--
-- Table structure for table `municipio`
--
-- Creation: Aug 02, 2019 at 03:27 PM
--

CREATE TABLE IF NOT EXISTS `municipio` (
  `id` int(11) NOT NULL AUTO_INCREMENT,
  `departamento_id` int(11) NOT NULL,
  `nombre` varchar(30) COLLATE utf8_bin NOT NULL,
  PRIMARY KEY (`id`),
  KEY `departamento_id` (`departamento_id`)
) ENGINE=InnoDB  DEFAULT CHARSET=utf8 COLLATE=utf8_bin AUTO_INCREMENT=30 ;

--
-- Dumping data for table `municipio`
--

INSERT INTO `municipio` (`id`, `departamento_id`, `nombre`) VALUES
(1, 1, 'QUIBDÓ'),
(2, 1, 'ACANDÍ'),
(3, 1, 'ALTO BAUDÓ'),
(4, 1, 'ATRATO'),
(5, 1, 'BAGADÓ'),
(6, 1, 'BAHIA SOLANO'),
(7, 1, 'BAJO BAUDÓ'),
(8, 1, 'BOJAYÁ'),
(9, 1, 'CANTON DE SAN PABLO'),
(10, 1, 'CARMEN DEL DARIÉN'),
(11, 1, 'CERTEGUI'),
(12, 1, 'CONDOTO'),
(13, 1, 'CARMEN DE ATRATO'),
(14, 1, 'ISTMINA'),
(15, 1, 'JURADÓ'),
(16, 1, 'LITORAL DEL SAN JUAN '),
(17, 1, 'LLORÓ'),
(18, 1, 'MEDIO ATRATO'),
(19, 1, 'MEDIO BAUDÓ'),
(20, 1, 'MEDIO SAN JUAN'),
(21, 1, 'NÓVITA'),
(22, 1, 'NUQUÍ'),
(23, 1, 'RÍO IRÓ'),
(24, 1, 'RIOSUCIO'),
(25, 1, 'SAN JOSÉ DEL PALMAR'),
(26, 1, 'SIPÍ'),
(27, 1, 'TADÓ'),
(28, 1, 'UNGUÍA'),
(29, 1, 'UNIÓN PANAMERICANA');

-- --------------------------------------------------------

--
-- Table structure for table `nivel_educativo`
--
-- Creation: Aug 02, 2019 at 03:27 PM
--

CREATE TABLE IF NOT EXISTS `nivel_educativo` (
  `id` int(11) NOT NULL AUTO_INCREMENT,
  `nombre` varchar(30) COLLATE utf8_bin NOT NULL,
  PRIMARY KEY (`id`)
) ENGINE=InnoDB  DEFAULT CHARSET=utf8 COLLATE=utf8_bin COMMENT='nivel educatiivo' AUTO_INCREMENT=6 ;

--
-- Dumping data for table `nivel_educativo`
--

INSERT INTO `nivel_educativo` (`id`, `nombre`) VALUES
(1, 'Primaria'),
(2, 'Bachillerato'),
(3, 'Técnico'),
(4, 'Universitario'),
(5, 'Otros');

-- --------------------------------------------------------

--
-- Table structure for table `noticia`
--
-- Creation: Aug 02, 2019 at 03:27 PM
--

CREATE TABLE IF NOT EXISTS `noticia` (
  `id` int(11) NOT NULL AUTO_INCREMENT,
  `titulo` varchar(300) COLLATE utf8_bin NOT NULL,
  `descripcion` text COLLATE utf8_bin NOT NULL,
  `fecha_publicacion` datetime NOT NULL,
  `fuente_autor` varchar(100) COLLATE utf8_bin NOT NULL,
  `id_img_page` int(11) NOT NULL,
  PRIMARY KEY (`id`),
  KEY `id_img_page` (`id_img_page`)
) ENGINE=InnoDB  DEFAULT CHARSET=utf8 COLLATE=utf8_bin AUTO_INCREMENT=3 ;

--
-- Dumping data for table `noticia`
--

INSERT INTO `noticia` (`id`, `titulo`, `descripcion`, `fecha_publicacion`, `fuente_autor`, `id_img_page`) VALUES
(2, 'EXPOAMBIENTE, LA FERIA QUE IMPULSARÁ LOS NEGOCIOS VERDES DEL CHOCÓ', 0x3c703e3c656d3e44656c0a323620616c203238206465206a756c696f20646520323031383c2f656d3e2c20656e206c6120636975646164206465205175696264c3b32c207365207265616c697a6172c3a1206c61266e6273703b3c7370616e207374796c653d22626f726465723a20317074206e6f6e652077696e646f77746578743b2070616464696e673a2030636d3b223e3172610a7665727369c3b36e206465206c61204665726961204578706f416d6269656e746543686f63c3b33c2f7370616e3e2c206c61206375616c2c2065730a636f6e736964657261646120706f7220656c204d696e6973746572696f20646520416d6269656e74652079204465736172726f6c6c6f20536f7374656e69626c652c20636f6d6f206c610a7072696e636970616c2076656e74616e696c6c6120706172612070726f6d6f63696f6e6172206c6f732070726f647563746f73207920736572766963696f7320717565207469656e656e20636f6d6f0a62617365206c612042696f646976657273696461642064656c20446570617274616d656e746f3b207920656e206c6f732071756520736520646573746163616e206c6f7320656a65730a74656dc3a17469636f7320636f6d6f20656c2065636f74757269736d6f2c2070726f647563746f73206e6f206d6164657261626c65732c206172746573616ec3ad61732c206d617465726961730a7072696d617320646572697661646173206465206c61206661756e612073696c7665737472652079206c612070726f6475636369c3b36e206167726f65636f6cc3b3676963612e266e6273703b203c6f3a703e3c2f6f3a703e3c2f703e0a0a3c7370616e207374796c653d226c696e652d6865696768743a20313135253b223e3c6f3a703e266e6273703b3c2f6f3a703e3c2f7370616e3e0a0a3c7020636c6173733d224d736f4e6f726d616c22207374796c653d226d617267696e2d626f74746f6d3a20302e3030303170743b206c696e652d6865696768743a20313135253b223e3c7370616e207374796c653d226c696e652d6865696768743a20313135253b223e4578706f416d6269656e746543686f63c3b30a636f6e746172c3a120636f6e206dc3a173206465203730207374616e642064652070726f647563746f732c206269656e6573207920736572766963696f7320313030252043686f636f616e6f732e2044650a6c6f73206375616c657320756e206772616e20706f7263656e74616a652068616e207369646f2061706f7961646f732074c3a9636e69636120792066696e616e63696572616d656e746520706f720a6c612056656e74616e696c6c6120646520456d7072656e64696d69656e746f7320566572646573266e6273703b0a646520434f444543484f43c39320646573646520656c2061c3b16f203230313620612074726176c3a9732064656c2050726f6772616d6120526567696f6e616c2064650a4e65676f63696f73205665726465732e3c6f3a703e3c2f6f3a703e3c2f7370616e3e3c2f703e0a0a3c7370616e206c616e673d22657322207374796c653d22223e3c6f3a703e266e6273703b3c2f6f3a703e3c2f7370616e3e0a0a3c70207374796c653d226d617267696e3a2030636d2030636d20302e3030303170743b206c696e652d6865696768743a20313135253b206261636b67726f756e642d696d6167653a20696e697469616c3b206261636b67726f756e642d706f736974696f6e3a20696e697469616c3b206261636b67726f756e642d73697a653a20696e697469616c3b206261636b67726f756e642d7265706561743a20696e697469616c3b206261636b67726f756e642d6174746163686d656e743a20696e697469616c3b206261636b67726f756e642d6f726967696e3a20696e697469616c3b206261636b67726f756e642d636c69703a20696e697469616c3b223e3c7370616e206c616e673d22657322207374796c653d22223e42616a6f20656c206c656d6120e2809c446f6e6465206c61206e61747572616c657a610a79206c612063756c74757261207365207675656c76656e206f706f7274756e69646164e2809d2c206c6120466572696120636f6e746172c3a120636f6e2064697374696e746f7320657363656e6172696f730a70656e7361646f7320656e206c6173206e656365736964616465732074616e746f206465206c6f7320656d707265736172696f7320636f6d6f206465206c6f7320636f6d65726369616e74657320790a656c2070c3ba626c69636f20656e2067656e6572616c2e20416c6cc3ad20736520706f6472c3a120616d706c696172206c61206f66657274612079206c612064656d616e6461206465206c6f730a70726f647563746f732c206f6274656e657220617365736f72c3ad612066696e616e63696572612c2061637475616c697a6172206c6120646f63756d656e74616369c3b36e206c6567616c20636f6d6f0a636f6d65726369616e74652c207265656e636f6e74726172736520636f6e206c617320747261646963696f6e6573207920636f7374756d62726573206465206e75657374726f730a616e746570617361646f73207920636f6e6f6365722071756520657374c3a12068616369656e646f206c61206175746f726964616420616d6269656e74616c207061726120706f736963696f6e61720a6c6f73204e65676f63696f732056657264657320656e206c612052656769c3b36e2e203c6f3a703e3c2f6f3a703e3c2f7370616e3e3c2f703e0a0a3c7370616e206c616e673d22657322207374796c653d22223e3c6f3a703e266e6273703b3c2f6f3a703e3c2f7370616e3e0a0a3c7020636c6173733d224d736f4e6f726d616c22207374796c653d226d617267696e2d626f74746f6d3a20302e3030303170743b206c696e652d6865696768743a20313135253b223e3c7370616e206c616e673d22455322207374796c653d226c696e652d6865696768743a20313135253b223e54656f66696c6f2043756573746120426f726a612c204469726563746f722047656e6572616c20646520434f444543484f43c3932c0a6861626cc3b3206163657263612064656c2076616c6f722061206c6120686f7261206465206861636572206170726f76656368616d69656e746f20736f7374656e69626c6520656e20656c0a446570617274616d656e746f3a20e2809c6c61206f666572746120616d6269656e74616c20636f6e7374697475796520756e6120766572646164657261206f706f7274756e6964616420646520766964610a70617261206c617320636f6d756e696461646573204e6567726173206520496e64c3ad67656e617320717565206861626974616e20656e20656c207465727269746f72696f2c2079206c610a706f736962696c6964616420646520696d70756c736172206c6f73206e65676f63696f732076657264657320656e206c612052656769c3b36ee2809d2e203c2f7370616e3e3c7370616e207374796c653d226c696e652d6865696768743a20313135253b223e41646963696f6e616c6d656e74652c2068697a6f207265666572656e63696120610a6c6173206772616e646573206f706f7274756e696461646573206465206e65676f63696f732071756520706f736962696c697461204578706f416d6269656e74652c20612074726176c3a9732064650a6c617320727565646173206465206e65676f63696f7320717565207365207265616c697a6172c3a16e20647572616e7465206c6f7320747265732064c3ad6173206465206c612066657269610a646f6e6465207365207065726d69746972c3a120636572726172206e65676f63696f732070726f6d69736f72696f732061206e6976656c20726567696f6e616c2c206e6163696f6e616c20650a696e7465726e6163696f6e616ce2809d2c20707265636973c3b3204375657374612e203c2f7370616e3e3c7370616e206c616e673d22455322207374796c653d226c696e652d6865696768743a20313135253b223e3c6f3a703e3c2f6f3a703e3c2f7370616e3e3c2f703e0a0a3c7370616e207374796c653d226c696e652d6865696768743a20313135253b223e3c6f3a703e266e6273703b3c2f6f3a703e3c2f7370616e3e0a0a3c7020636c6173733d224d736f4e6f726d616c22207374796c653d226c696e652d6865696768743a20313135253b206261636b67726f756e642d696d6167653a20696e697469616c3b206261636b67726f756e642d706f736974696f6e3a20696e697469616c3b206261636b67726f756e642d73697a653a20696e697469616c3b206261636b67726f756e642d7265706561743a20696e697469616c3b206261636b67726f756e642d6174746163686d656e743a20696e697469616c3b206261636b67726f756e642d6f726967696e3a20696e697469616c3b206261636b67726f756e642d636c69703a20696e697469616c3b223e3c7370616e207374796c653d226c696e652d6865696768743a20313135253b223e506f722073752070617274652c203c2f7370616e3e3c7370616e207374796c653d226c696e652d6865696768743a20313135253b206261636b67726f756e642d696d6167653a20696e697469616c3b206261636b67726f756e642d706f736974696f6e3a20696e697469616c3b206261636b67726f756e642d73697a653a20696e697469616c3b206261636b67726f756e642d7265706561743a20696e697469616c3b206261636b67726f756e642d6174746163686d656e743a20696e697469616c3b206261636b67726f756e642d6f726967696e3a20696e697469616c3b206261636b67726f756e642d636c69703a20696e697469616c3b223e596f76616e6e7920526f6472c3ad6775657a2043c3b372646f62612c20436f6f7264696e61646f72206465206c612056656e74616e696c6c612064650a4e65676f63696f73205665726465732064656c2043686f63c3b32c20617365677572c3b320717565204578706f416d6269656e74652c20657320756e206772616e2063616e616c20706172610a666f7274616c6563657220656c2063726563696d69656e746f20766572646520656e206c612052656769c3b36e2c206465206c61206d616e6f206465206c6f7320656d7072656e6465646f7265730a6c6f63616c65733b204164656dc3a1732064652073657220756e61206f706f7274756e696461642070617261206964656e74696669636172206e7565766f7320656d7072656e64696d69656e746f730a76657264657320656e206c61206a757269736469636369c3b36ee2809d2e266e6273703b3c2f7370616e3e3c2f703e3c7370616e207374796c653d226c696e652d6865696768743a20313135253b206261636b67726f756e642d696d6167653a20696e697469616c3b206261636b67726f756e642d706f736974696f6e3a20696e697469616c3b206261636b67726f756e642d73697a653a20696e697469616c3b206261636b67726f756e642d7265706561743a20696e697469616c3b206261636b67726f756e642d6174746163686d656e743a20696e697469616c3b206261636b67726f756e642d6f726967696e3a20696e697469616c3b206261636b67726f756e642d636c69703a20696e697469616c3b223e3c2f7370616e3e3c70207374796c653d226d617267696e3a2030636d2030636d20302e3030303170743b206c696e652d6865696768743a20313135253b206261636b67726f756e642d696d6167653a20696e697469616c3b206261636b67726f756e642d706f736974696f6e3a20696e697469616c3b206261636b67726f756e642d73697a653a20696e697469616c3b206261636b67726f756e642d7265706561743a20696e697469616c3b206261636b67726f756e642d6174746163686d656e743a20696e697469616c3b206261636b67726f756e642d6f726967696e3a20696e697469616c3b206261636b67726f756e642d636c69703a20696e697469616c3b223e3c7370616e207374796c653d226261636b67726f756e642d696d6167653a20696e697469616c3b206261636b67726f756e642d706f736974696f6e3a20696e697469616c3b206261636b67726f756e642d73697a653a20696e697469616c3b206261636b67726f756e642d7265706561743a20696e697469616c3b206261636b67726f756e642d6174746163686d656e743a20696e697469616c3b206261636b67726f756e642d6f726967696e3a20696e697469616c3b206261636b67726f756e642d636c69703a20696e697469616c3b223e4c6f73207669736974616e74657320706f6472c3a16e2064697366727574617220646520636861726c61732c20666f726f73206f2070616e656c65730a70726f6772616d61646f7320656e206c61206167656e64612061636164c3a96d696361206465206c612066657269612c206173c3ad20636f6d6f206465206573706163696f732063756c747572616c65730a646f6e64652073652072656e6375656e747261206c61206e61747572616c657a612079206c612063756c747572612e203c6f3a703e3c2f6f3a703e3c2f7370616e3e3c2f703e0a0a3c7370616e207374796c653d226c696e652d6865696768743a20313135253b20626f726465723a20317074206e6f6e652077696e646f77746578743b2070616464696e673a2030636d3b223e266e6273703b3c2f7370616e3e0a0a3c7020636c6173733d224d736f4e6f726d616c22207374796c653d226d617267696e2d626f74746f6d3a20302e3030303170743b206c696e652d6865696768743a20313135253b206261636b67726f756e642d696d6167653a20696e697469616c3b206261636b67726f756e642d706f736974696f6e3a20696e697469616c3b206261636b67726f756e642d73697a653a20696e697469616c3b206261636b67726f756e642d7265706561743a20696e697469616c3b206261636b67726f756e642d6174746163686d656e743a20696e697469616c3b206261636b67726f756e642d6f726967696e3a20696e697469616c3b206261636b67726f756e642d636c69703a20696e697469616c3b223e3c7370616e207374796c653d226c696e652d6865696768743a20313135253b20626f726465723a20317074206e6f6e652077696e646f77746578743b2070616464696e673a2030636d3b223e4167c3a96e6461746520636f6e20656c20416d6269656e7465203c6f3a703e3c2f6f3a703e3c2f7370616e3e3c2f703e0a0a3c7370616e207374796c653d226c696e652d6865696768743a20313135253b223e266e6273703b3c2f7370616e3e0a0a3c7020636c6173733d224d736f4e6f726d616c22207374796c653d226d617267696e3a2030636d2030636d20302e30303031707420323470743b206c696e652d6865696768743a20313135253b206261636b67726f756e642d696d6167653a20696e697469616c3b206261636b67726f756e642d706f736974696f6e3a20696e697469616c3b206261636b67726f756e642d73697a653a20696e697469616c3b206261636b67726f756e642d7265706561743a20696e697469616c3b206261636b67726f756e642d6174746163686d656e743a20696e697469616c3b206261636b67726f756e642d6f726967696e3a20696e697469616c3b206261636b67726f756e642d636c69703a20696e697469616c3b223e3c212d2d5b69662021737570706f72744c697374735d2d2d3e3c7370616e207374796c653d226c696e652d6865696768743a20313135253b223ec2b73c7370616e207374796c653d22666f6e742d76617269616e742d6e756d657269633a206e6f726d616c3b20666f6e742d76617269616e742d656173742d617369616e3a206e6f726d616c3b20666f6e742d737472657463683a206e6f726d616c3b206c696e652d6865696768743a206e6f726d616c3b223e266e6273703b266e6273703b266e6273703b266e6273703b266e6273703b266e6273703b266e6273703b266e6273703b0a3c2f7370616e3e3c2f7370616e3e3c212d2d5b656e6469665d2d2d3e3c7370616e207374796c653d226c696e652d6865696768743a20313135253b223e46656368613a3c2f7370616e3e3c7370616e207374796c653d226c696e652d6865696768743a20313135253b223e2044656c20323620616c203238206465206a756c696f20646520323031383c6f3a703e3c2f6f3a703e3c2f7370616e3e3c2f703e0a0a3c7020636c6173733d224d736f4e6f726d616c22207374796c653d226d617267696e3a2030636d2030636d20302e30303031707420323470743b206c696e652d6865696768743a20313135253b206261636b67726f756e642d696d6167653a20696e697469616c3b206261636b67726f756e642d706f736974696f6e3a20696e697469616c3b206261636b67726f756e642d73697a653a20696e697469616c3b206261636b67726f756e642d7265706561743a20696e697469616c3b206261636b67726f756e642d6174746163686d656e743a20696e697469616c3b206261636b67726f756e642d6f726967696e3a20696e697469616c3b206261636b67726f756e642d636c69703a20696e697469616c3b223e3c212d2d5b69662021737570706f72744c697374735d2d2d3e3c7370616e207374796c653d226c696e652d6865696768743a20313135253b223ec2b73c7370616e207374796c653d22666f6e742d76617269616e742d6e756d657269633a206e6f726d616c3b20666f6e742d76617269616e742d656173742d617369616e3a206e6f726d616c3b20666f6e742d737472657463683a206e6f726d616c3b206c696e652d6865696768743a206e6f726d616c3b223e266e6273703b266e6273703b266e6273703b266e6273703b266e6273703b266e6273703b266e6273703b266e6273703b0a3c2f7370616e3e3c2f7370616e3e3c212d2d5b656e6469665d2d2d3e3c7370616e207374796c653d226c696e652d6865696768743a20313135253b223e4c756761723a203c2f7370616e3e3c7370616e207374796c653d226c696e652d6865696768743a20313135253b223e506172717565204d616e75656c204d6f7371756572612047617263c3a973203c6f3a703e3c2f6f3a703e3c2f7370616e3e3c2f703e0a0a3c7020636c6173733d224d736f4e6f726d616c22207374796c653d226d617267696e3a2030636d2030636d20302e30303031707420323470743b206c696e652d6865696768743a20313135253b206261636b67726f756e642d696d6167653a20696e697469616c3b206261636b67726f756e642d706f736974696f6e3a20696e697469616c3b206261636b67726f756e642d73697a653a20696e697469616c3b206261636b67726f756e642d7265706561743a20696e697469616c3b206261636b67726f756e642d6174746163686d656e743a20696e697469616c3b206261636b67726f756e642d6f726967696e3a20696e697469616c3b206261636b67726f756e642d636c69703a20696e697469616c3b223e3c212d2d5b69662021737570706f72744c697374735d2d2d3e3c7370616e207374796c653d226c696e652d6865696768743a20313135253b223ec2b73c7370616e207374796c653d22666f6e742d76617269616e742d6e756d657269633a206e6f726d616c3b20666f6e742d76617269616e742d656173742d617369616e3a206e6f726d616c3b20666f6e742d737472657463683a206e6f726d616c3b206c696e652d6865696768743a206e6f726d616c3b223e266e6273703b266e6273703b266e6273703b266e6273703b266e6273703b266e6273703b266e6273703b266e6273703b0a3c2f7370616e3e3c2f7370616e3e3c212d2d5b656e6469665d2d2d3e3c7370616e207374796c653d226c696e652d6865696768743a20313135253b223e486f726172696f3a3c2f7370616e3e3c7370616e207374796c653d226c696e652d6865696768743a20313135253b223e204a7565766573207920766965726e65732064652030383a303020612e6d2e0a6120363a303020702e6d2e20792053c3a16261646f2064652030383a303020612e6d2e206120353a303020702e6d2e3c6f3a703e3c2f6f3a703e3c2f7370616e3e3c2f703e0a0a3c7020636c6173733d224d736f4e6f726d616c22207374796c653d226d617267696e3a2030636d2030636d20302e30303031707420323470743b206c696e652d6865696768743a20313135253b206261636b67726f756e642d696d6167653a20696e697469616c3b206261636b67726f756e642d706f736974696f6e3a20696e697469616c3b206261636b67726f756e642d73697a653a20696e697469616c3b206261636b67726f756e642d7265706561743a20696e697469616c3b206261636b67726f756e642d6174746163686d656e743a20696e697469616c3b206261636b67726f756e642d6f726967696e3a20696e697469616c3b206261636b67726f756e642d636c69703a20696e697469616c3b223e3c212d2d5b69662021737570706f72744c697374735d2d2d3e3c7370616e207374796c653d226c696e652d6865696768743a20313135253b223ec2b73c7370616e207374796c653d22666f6e742d76617269616e742d6e756d657269633a206e6f726d616c3b20666f6e742d76617269616e742d656173742d617369616e3a206e6f726d616c3b20666f6e742d737472657463683a206e6f726d616c3b206c696e652d6865696768743a206e6f726d616c3b223e266e6273703b266e6273703b266e6273703b266e6273703b266e6273703b266e6273703b266e6273703b266e6273703b0a3c2f7370616e3e3c2f7370616e3e3c212d2d5b656e6469665d2d2d3e3c7370616e207374796c653d226c696e652d6865696768743a20313135253b223e456e74726164613a203c2f7370616e3e3c7370616e207374796c653d226c696e652d6865696768743a20313135253b223e4c696272653c6f3a703e3c2f6f3a703e3c2f7370616e3e3c2f703e0a0a3c7370616e207374796c653d226c696e652d6865696768743a20313135253b223e266e6273703b3c2f7370616e3e0a0a3c70207374796c653d226d617267696e3a2030636d2030636d20302e3030303170743b206c696e652d6865696768743a20313135253b206261636b67726f756e642d696d6167653a20696e697469616c3b206261636b67726f756e642d706f736974696f6e3a20696e697469616c3b206261636b67726f756e642d73697a653a20696e697469616c3b206261636b67726f756e642d7265706561743a20696e697469616c3b206261636b67726f756e642d6174746163686d656e743a20696e697469616c3b206261636b67726f756e642d6f726967696e3a20696e697469616c3b206261636b67726f756e642d636c69703a20696e697469616c3b223e4f7267616e697a613a203c6f3a703e3c2f6f3a703e3c2f703e0a0a3c70207374796c653d226d617267696e3a2030636d2030636d20302e3030303170743b206c696e652d6865696768743a20313135253b206261636b67726f756e642d696d6167653a20696e697469616c3b206261636b67726f756e642d706f736974696f6e3a20696e697469616c3b206261636b67726f756e642d73697a653a20696e697469616c3b206261636b67726f756e642d7265706561743a20696e697469616c3b206261636b67726f756e642d6174746163686d656e743a20696e697469616c3b206261636b67726f756e642d6f726967696e3a20696e697469616c3b206261636b67726f756e642d636c69703a20696e697469616c3b223e434f444543484f43c393266e6273703b203c6f3a703e3c2f6f3a703e3c2f703e0a0a3c70207374796c653d226d617267696e3a2030636d2030636d20302e3030303170743b20746578742d616c69676e3a206a7573746966793b206c696e652d6865696768743a20313135253b206261636b67726f756e642d696d6167653a20696e697469616c3b206261636b67726f756e642d706f736974696f6e3a20696e697469616c3b206261636b67726f756e642d73697a653a20696e697469616c3b206261636b67726f756e642d7265706561743a20696e697469616c3b206261636b67726f756e642d6174746163686d656e743a20696e697469616c3b206261636b67726f756e642d6f726967696e3a20696e697469616c3b206261636b67726f756e642d636c69703a20696e697469616c3b223e3c6f3a703e3c2f6f3a703e3c2f703e3c703e41706f79613a3c7370616e207374796c653d22746578742d616c69676e3a206a7573746966793b223e204d696e6973746572696f20646520416d6269656e74652079204465736172726f6c6c6f20536f7374656e69626c652079206c61204d6573610a496e746572696e737469747563696f6e616c206465204e65676f63696f73205665726465732064656c2043686f63c3b32e3c2f7370616e3e3c2f703e266e6273703b3c6f3a703e3c2f6f3a703e, '2018-07-16 16:02:27', 'Codechocó', 16);

-- --------------------------------------------------------

--
-- Table structure for table `opciones`
--
-- Creation: Aug 02, 2019 at 03:27 PM
--

CREATE TABLE IF NOT EXISTS `opciones` (
  `id` int(11) NOT NULL AUTO_INCREMENT,
  `codigo` varchar(30) COLLATE utf8_bin NOT NULL,
  `nombre` text COLLATE utf8_bin NOT NULL,
  `No` varchar(6) COLLATE utf8_bin NOT NULL,
  PRIMARY KEY (`id`),
  UNIQUE KEY `codigo` (`codigo`),
  UNIQUE KEY `codigo_2` (`codigo`)
) ENGINE=InnoDB  DEFAULT CHARSET=utf8 COLLATE=utf8_bin AUTO_INCREMENT=138 ;

--
-- Dumping data for table `opciones`
--

INSERT INTO `opciones` (`id`, `codigo`, `nombre`, `No`) VALUES
(12, 'TT1', 0x50726f706965746172696f20636f6e20657363726974757261, ''),
(13, 'TT2', 0x417272656e6461746172696f, ''),
(14, 'TT3', 0x506f73657369c3b36e20747261646963696f6e616c20792f6f20616e6365737472616c20646520746965727261732079207465727269746f72696f7320, ''),
(15, 'TT4', 0x4573746174616c, ''),
(16, 'TT5', 0x436f6e63657369c3b36e, ''),
(17, 'TT6', 0x4175746f72697a616369c3b36e2064656c2070726f706965746172696f206f2061646d696e6973747261646f722064656c20c3a1726561, ''),
(18, 'R1', 0x526567697374726f20696e76696d61, ''),
(19, 'R2', 0x526567697374726f20494341, ''),
(20, 'R3', 0x526567697374726f206e6163696f6e616c2064652074757269736d6f, ''),
(21, 'R4', 0x526567697374726f20646520706c616e74616369c3b36e20666f72657374616c, ''),
(22, 'P1', 0x5065726d69736f206465206170726f76656368616d69656e746f, ''),
(23, 'P2', 0x436f6e63657369c3b36e206465206167756173202853756274657272c3a16e656173206f20737570657266696369616c657329, ''),
(24, 'P3', 0x5065726d69736f2064652076657274696d69656e746f73206f20656d6973696f6e6573, ''),
(25, 'P4', 0x5065726d69736f2074616c6120646520c3a172626f6c6573, ''),
(26, 'P5', 0x5065726d69736f206465206d6f76696c697a6163696f6e, ''),
(27, 'L1', 0x4c6963656e63696120616d6269656e74616c, ''),
(28, 'O1', 0x506c616e206465206d616e656a6f20616d6269656e74616c, ''),
(29, 'PC1', 0x53697374656d61732073696c766f706173746f7269616c6573, ''),
(30, 'PC2', 0x53697374656d61732073696c766963756c74757261, ''),
(31, 'PC3', 0x4167726f666f726573746572c3ad61, ''),
(32, 'PC4', 0x43756c7469766f73206d6978746f73, ''),
(33, 'PC5', 0x4365726361732076697661732f20626172726572617320726f6d70657669656e746f732f20636f727265646f72657320646520636f6e65637469766964616420646520626f7371756573, ''),
(34, 'PC6', 0x426f737175657320706172612070726f7465636369c3b36e206465206e6163696d69656e746f7320646520616775612c207175656272616461732c2072c3ad6f732079206c6167756e6173, ''),
(35, 'PC7', 0x436572636173206f206169736c616d69656e746f20706172612070726f7465636369c3b36e206465206e6163696d69656e746f7320646520616775612c207175656272616461732c2072c3ad6f732079206c6167756e6173, ''),
(36, 'PC8', 0x4275656e2075736f206465207265637572736f732068c3ad647269636f73, ''),
(37, 'PC9', 0x436f6e74726f6c2042696f6cc3b36769636f20646520706c61676173, ''),
(38, 'PC10', 0x46657274696c697a616369c3b36e206f7267c3a16e696361, ''),
(39, 'PC11', 0x4c616272616e7a61206dc3ad6e696d6120, ''),
(40, 'PC12', 0x55736f206465206675656e74657320616c7465726e61746976617320646520656e657267c3ad61, ''),
(41, 'PC13', 0x55736f2064652070726163746963617320792f6f207465636e6f6c6f67c3ad61732062616a617320656e20636172626f6e6f, ''),
(42, 'AREA_ECO1', 0x426f7371756520616e64696e6f206f206e6965626c61, ''),
(43, 'AREA_ECO2', 0x426f737175652068c3ba6d65646f, ''),
(44, 'AREA_ECO3', 0x426f73717565207365636f, ''),
(45, 'AREA_ECO4', 0x50c3a172616d6f, ''),
(46, 'AREA_ECO5', 0x4d6172696e6f73, ''),
(47, 'AREA_ECO6', 0x536162616e61, ''),
(48, 'AREA_ECO7', 0x4d616e676c6172, ''),
(49, 'PM1', 0x50726f746f636f6c6f206f20706c616e206465206170726f76656368616d69656e746f20706172612070726f647563746f732073696c76657374726573206d6164657261626c65732079206e6f206d6164657261626c6573, ''),
(50, 'PM2', 0x4573747564696f2064652063617061636964616420646520636172676120706172612065636f74757269736d6f, ''),
(51, 'PM3', 0x506c616e206465206d616e656a6f20616d6269656e74616c, ''),
(52, 'PM4', 0x4f74726f20646f63756d656e746f, ''),
(53, 'INVOLUCRA1', 0x436f6d6f20736f63696f73, ''),
(54, 'INVOLUCRA2', 0x436f6d6f20656d706c6561646f73206469726563746f73, ''),
(55, 'INVOLUCRA3', 0x436f6d6f20656d706c6561646f7320696e6469726563746f73, ''),
(57, 'ACTIVIDAD_COMU1', 0x43617061636974616369c3b36e, ''),
(58, 'ACTIVIDAD_COMU2', 0x4173697374656e6369612074c3a9636e696361, ''),
(59, 'ACTIVIDAD_COMU3', 0x5265637265616369c3b36e, ''),
(60, 'ACTIVIDAD_COMU4', 0x53616c7564, ''),
(61, 'PR1', 0x43617061636974616369c3b36e, ''),
(62, 'PR2', 0x4173697374656e6369612074c3a9636e696361, ''),
(63, 'PR3', 0x5265637265616369c3b36e, ''),
(64, 'PR4', 0x50726f796563746f732070726f6475637469766f73, ''),
(65, 'PR5', 0x53616c7564, ''),
(66, 'CE1', 0x4365727469666963616369c3b36e206f7267c3a16e696361, ''),
(67, 'CE2', 0x436f6d657263696f206a7573746f, ''),
(68, 'CE3', 0x416ec3a16c6973697320646520792070756e746f73204372c3ad7469636f7320646520636f6e74726f6c2028415050434329, ''),
(69, 'CE4', 0x4275656e617320707261637469636173206465206d616e7566616374757261202842504d29, ''),
(70, 'CE5', 0x4275656e6173207072616374696361732061677269636f6c6173202842504129, ''),
(71, 'CE6', 0x4275656e61732070726163746963617320706563756172696173, ''),
(72, 'CE7', 0x5261696e666f7265737420416c6c69616e6365, ''),
(73, 'CUMPLIMIENTO_LEGAL1', 0xc2bf4c61206f7267616e697a616369c3b36e20696e63756d706c6520636f6e206c61206c656769736c616369c3b36e20616d6269656e74616c206e6163696f6e616c2061706c696361626c653f0d0a566572206c6f7320726573756c7461646f73206f6274656e69646f7320656e20656c20666f726d61746f20646520696e666f726d616369c3b36e20415320656e20656c206e756d6572616c2032206465206c656769736c616369c3b36e20616d6269656e74616c20636f6c6f6d6269616e612e, '0.0'),
(74, 'CONDICION_LABORAL1', 0xc2bf4c61206f7267616e697a616369c3b36e20636f6e7472617461206d656e6f72657320646520656461643f205369206573206173c3ad2c2020c2bf53757320616374697669646164657320696e766f6c756372616e206c61732070656f72657320666f726d61732064652074726162616a6f20696e66616e74696c2079206c61732061637469766964616465732070656c6967726f736173207920636f6e646963696f6e65732064652074726162616a6f206e6f63697661732070617261206c612073616c7564206520696e74656772696461642066c3ad73696361206f20707369636f6cc3b3676963613f, '0.1'),
(75, 'CONDICION_LABORAL2', 0xc2bf4c61206f7267616e697a616369c3b36e2067656e65726120616c67c3ba6e207469706f2064652074726162616a6f20666f727a61646f206f2062616a6f2072c3a967696d656e206465207072697369c3b36e3f, '0.2'),
(76, 'CONDICION_LABORAL3', 0xc2bf4c61206f7267616e697a616369c3b36e2070726f6d75657665206f20696d706c656d656e7461207072c3a1637469636173206f20706f6cc3ad746963617320726573747269637469766173206f206469736372696d696e61746f726961733f, '0.3'),
(77, 'CONDICION_LABORAL4', 0xc2bf456c206269656e206f20736572766963696f2076756c6e657261206c6f73206465726563686f732068756d616e6f733f, '0.4'),
(78, 'IMPACTO_AMBIENTAL1', 0xc2bf4c61206f7267616e697a616369c3b36e20686120696e74726f64756369646f206f207574696c697a61206573706563696573206578c3b3746963617320696e7661736f7261733f205369206573206173c3ad2c2020c2bf4375656e746120636f6e20756e20616465637561646f20706c616e206465206d616e656a6f20616d6269656e74616c3f20456a6d206573706563696573206578c3b37469636173206465207a6f6f63726961, '0.5'),
(79, 'IMPACTO_AMBIENTAL2', 0xc2bf4c61206f7267616e697a616369c3b36e207574696c697a61206573706563696573206c697374616461732062616a6f2043495445533f205369206573206173c3ad2c20c2bf436f6e7461646120636f6e206175746f72697a616369c3b36e206465206c61204175746f726964616420416d6269656e74616c3f, '0.6'),
(80, 'IMPACTO_AMBIENTAL3', 0xc2bf4c61206f7267616e697a616369c3b36e2076756c6e657261206c6120636f6e73657276616369c3b36e20792070726573657276616369c3b36e206465206c6f7320736572766963696f732065636f73697374656d69636f7320656e20656c20c3a172656120646520696e666c75656e63696120646972656374613f2c20c2bf43c3b36d6f20436f6e747269627579653f, '0.7'),
(81, 'IMPACTO_AMBIENTAL4', 0xc2bf4c61206f7267616e697a616369c3b36e20666f6d656e74612079206465736172726f6c6c61207375206163746976696461642070726f647563746976612062616a6f206c6120646573747275636369c3b36e2064697265637461206520696e646972656374612064652065636f73697374656d6173206e61747572616c65732c20792f6f2067656e6572612064657472696d656e746f20736f627265206375616c7175696572207265637572736f206e61747572616c3f, '0.8'),
(82, 'IMPACTO_AMBIENTAL5', 0xc2bf4c61206f7267616e697a616369c3b36e2070726f6d7565766520656c2075736f206465206f7267616e69736d6f732067656ec3a9746963616d656e7465206d6f646966696361646f73206f207472616e7367c3a96e69636f733f, '0.9'),
(83, 'IMPACTO_SOCIAL1', 0xc2bf4c61206f7267616e697a616369c3b36e2076756c6e657261206c6f73206465726563686f73206465206c617320636f6d756e69646164657320696e64c3ad67656e61732c206166726f636f6c6f6d6269616e61732075206f7472617320636f6d756e69646164657320747261646963696f6e616c657320616c206465736172726f6c6c6172207375732061637469766964616465732070726f647563746976617320656e20656c207465727269746f72696f733f, '0.10'),
(84, 'IMPACTO_SOCIAL2', 0xc2bf4c61206f7267616e697a616369c3b36e207469656e6520636f6e666c6963746f7320736f627265206c612074656e656e636961206465206c6120746965727261207920666f6d656e746120656c20646573706c617a616d69656e746f20666f727a61646f3f, '0.11'),
(85, 'MATERIAL_PELIGROSO1', 0xc2bf4c612070726f6475636369c3b36e2064656c206269656e206f20736572766963696f207574696c697a61206d6174657269616c6573206f2073757374616e6369617320646520616c746120746f78696369646164207061726120656c20616d6269656e7465206f2f792073616c75642068756d616e613f20456a2e2e204d6572637572696f2c20417273c3a96e69636f2c204167726f7175c3ad6d69636f732028657469717565746120726f6a61207920616d6172696c6c61292c20656e747265206f74726f732e, '0.12'),
(86, 'VIABILIDAD_ECONOMICA1', 0xc2bf4c61206f7267616e697a616369c3b36e206375656e746120636f6e2065737461646f732066696e616e636961726f732c20636f6e746162696c69646164206f20726567697374726f20646520696e677265736f20792065677265736f733f, '1.1'),
(87, 'VIABILIDAD_ECONOMICA2', 0xc2bf456c206269656e206f20736572766963696f207469656e6520706f74656e6369616c20636f6d65726369616c2079206375656e746120636f6e206573747261746567696173206465206d6572636164656f2071756520676172616e746963656e20737520736f7374656e6962696c6964616420656e20656c206d65726361646f202864656d616e64612064656c2070726f647563746f293f, '1.2'),
(88, 'VIABILIDAD_ECONOMICA3', 0xc2bf456c206269656e206f20736572766963696f206375656e746120636f6e20756e20706c616e20657374726174c3a96769636f2071756520696e636c7579613b206d697369c3b36e2c2076697369c3b36e206d6574617320792065737472617465676961732c2065717569706f2064652074726162616a6f2c20706c616e206465206e65676f63696f732c20696e666f726d616369c3b36e2c20616c69616e7a617320657374726174c3a967696361732079207075626c6963696461643f20, '1.3'),
(89, 'VIABILIDAD_ECONOMICA5', 0xc2bf456c2070726563696f2064656c2070726f647563746f20636f6e73696465726120636f73746f73206465207472616e73706f7274652079206c6f67c3ad73746963612c2079206c61206d616e6f206465206f6272612066616d696c6961722061736f636961646120616c206465736172726f6c6c6f2064656c206269656e206f20736572766963696f3f, '1.5'),
(90, 'CONTRIBUCION_CONSERVACION1', 0xc2bf456c206269656e206f20736572766963696f20657669746120656c2075736f206465206d6f6e6f63756c7469766f733f, '1.6'),
(91, 'CONTRIBUCION_CONSERVACION2', 0xc2bf4c61206f7267616e697a616369c3b36e20696d706c656d656e746120616363696f6e657320646520636f6e73657276616369c3b36e206465206c6f732065636f73697374656d6173206e61747572616c6573206578697374656e7465733f, '1.7'),
(92, 'CONTRIBUCION_CONSERVACION3', 0xc2bf456c206269656e206f20736572766963696f206d616e7469656e65206c612062696f64697665727369646164206e61746976612079206d656a6f7261206c617320636f6e646963696f6e6573206465206c6f73207265637572736f73206e61747572616c6573206578697374656e7465733f, '1.8'),
(93, 'CONTRIBUCION_CONSERVACION4', 0xc2bf4c61206f7267616e697a616369c3b36e20207469656e6520616363696f6e65732070617261206c61206469736d696e756369c3b36e206465206c6120636f6e74616d696e616369c3b36e3f20c2bf4375c3a16c65733f, '1.9'),
(94, 'CONTRIBUCION_CONSERVACION5', 0xc2bf456c206269656e206f20736572766963696f20636f6e747269627579652061206c61206469736d696e756369c3b36e20206465206c61207072657369c3b36e206465206c6f73207265637572736f73206e61747572616c65733f20c2bf43c3b36d6f3f, '1.10'),
(95, 'CONTRIBUCION_CONSERVACION6', 0xc2bf456c206269656e206f20736572766963696f206d656a6f7261206c617320636f6e646963696f6e6573206465206c6f73207265637572736f73206e61747572616c65733f20c2bf43c3b36d6f3f, '1.11'),
(96, 'CONTRIBUCION_CONSERVACION7', 0xc2bf456c206269656e206f20736572766963696f20696d706c656d656e746120616363696f6e657320717565207065726d6974656e206c612072656475636369c3b36e20646520656d6973696f6e65732064652067617365732064652065666563746f20696e7665726e616465726f2d4745493f20c2bf43c3b36d6f3f, '1.12'),
(97, 'CONTRIBUCION_CONSERVACION8', 0xc2bf456c206269656e206f20736572766963696f20696e766f6c75637261206675656e74657320646520656e657267c3ad6120616c7465726e6174697661206f207465636e6f6c6f67c3ad6173206dc3a173206c696d706961733f20c2bf4375c3a16c65733f, '1.13'),
(98, 'CICLO_VIDA1', 0xc2bf4c6f7320696d706163746f732064652073757320616374697669646164657320736f62726520656c206d6564696f20616d6269656e74652c206c6120636f6d756e696461642079206c6f732074726162616a61646f72657320656e206c6173207072696e636970616c6573206574617061732064656c2073697374656d612070726f6475637469766f20657374c3a16e2065646966696361646f733f, '1.14'),
(99, 'CICLO_VIDA2', 0xc2bf4c61206f7267616e697a616369c3b36e20696d706c656d656e746120616363696f6e65732064652070726576656e6369c3b36e20c3b3206d69746967616369c3b36e206465206c6f732020696d706163746f732067656e657261646f7320656e2073752073697374656d612070726f6475637469766f206f206369636c6f20646520766964612064656c2070726f647563746f3f20c2bf4375c3a16c65733f, '1.15'),
(100, 'CICLO_VIDA3', 0xc2bf456c206269656e206f20736572766963696f20636f6e73696465726120637269746572696f7320616d6269656e74616c657320656e206c6120636f6d7072612070726f647563746f73206f20696e73756d6f73206e656365736172696f7320706172612073752070726f6365736f2064652070726f6475636369c3b36e206f20696e636c757965206175746f61626173746563696d69656e746f20636f6e20637269746572696f7320616d6269656e74616c65733f, '1.16'),
(101, 'CICLO_VIDA4', 0xc2bf4c61206f7267616e697a616369c3b36e207265616c697a6120656e7472656e616d69656e746f207920636170616369746163696f6e657320612073757320656d706c6561646f7320636f6e20c3a96e666173697320656e20656c206465736172726f6c6c6f20736f7374656e69626c6520656e2073752073697374656d612070726f6475637469766f20206f206369636c6f20646520766964612064656c206269656e206f20736572766963696f, '1.17'),
(102, 'CICLO_VIDA5', 0xc2bf456c206269656e206f20736572766963696f2070726f6d7565766520616363696f6e65732070617261206c6120696e6e6f76616369c3b36e2c206c6120696e766573746967616369c3b36e207920656c206465736172726f6c6c6f2064652076616c6f7220616772656761646f20616c206269656e206f20736572766963696f3f20c2bf4375c3a16c65733f, '1.18'),
(103, 'VIDA_UTIL1', 0xc2bf536520696e766f6c756372616e2070726f6365736f73207175652065787469656e64616e206c61207669646120c3ba74696c20792f6f206d656a6f72656e206c612063616c696461642064656c206269656e206f20736572766963696f3f, '1.19'),
(104, 'VIDA_UTIL2', 0xc2bf5365207265616c697a616e20616363696f6e657320717565207065726d6974616e20717565206c61207669646120c3ba74696c2064656c2070726f647563746f20736561207375706572696f7220616c2070726f6d6564696f206465206c6f73206269656e6573206f20736572766963696f732073696d696c617265733f, '1.20'),
(105, 'VIDA_UTIL3', 0xc2bf456c206269656e206f20736572766963696f206375656e746120636f6e206275656e6173207072c3a16374696361732064652068696769656e6520792073616e696461643f, '1.21'),
(106, 'SUSTITUCION_MATERIALES1', 0xc2bf456e20656c2070726f6475636369c3b36e206465206269656e206f20736572766963696f20736520207072657669656e65206f206d697469676120656c2075736f2064652073757374616e6369617320717565206166656374616e20656c20616d6269656e746520792f6f206c612073616c75642068756d616e612079207365206375656e746120636f6e20756e20726567697374726f20646520737573746974756369c3b36e2064652073757374616e636961732c20686f6a6173206465207365677572696461642064652070726f647563746f73207574696c697a61646f73206f20616ec3a16c69736973206465206c61626f7261746f72696f3f, '1.22'),
(107, 'MATERIALES_RECICLADOS1', 0xc2bf4c61206f7267616e697a616369c3b36e206375656e746120636f6e20756e206d616e656a6f20696e74656772616c206465207265736964756f733f20506f72206661766f72206465736372696269722e, '1.23'),
(108, 'MATERIALES_RECICLADOS2', 0xc2bf5365207574696c697a616e206d6174657269616c65732072656369636c61646f7320656e206c6120666162726963616369c3b36e2064656c206269656e206f20736572766963696f3f20c2bf4375616c65733f, '1.24'),
(109, 'MATERIALES_RECICLADOS3', 0xc2bf4c6f7320656d7061717565732c20656e7661736573206f20656d7061717565732064656c206269656e20696e636c757965206d6174657269616c6573207265637570657261626c65732c2072656369636c61626c65732c2072657574696c697a61626c6573206f207175652073652070756564616e20696e636f72706f72617220656e20756e2070726f6365736f2070726f6475637469766f3f20c2bf4375616c65733f, '1.25'),
(110, 'MATERIALES_RECICLADOS4', 0xc2bf456c206269656e206f20736572766963696f206375656e746120636f6e20756e20706c616e2064652061636369c3b36e20717565207065726d69746120656c2063616d62696f206465206d6174657269616c6573206e6f2072656e6f7661626c657320706f722072656e6f7661626c6573206f2072656369636c61646f733f, '1.26'),
(111, 'SOSTENIBLE_RECURSO1', 0xc2bf4c61206f7267616e697a616369c3b36e206c6c65766120756e20726567697374726f20646520636f6e73756d6f206d656e7375616c20646520656e657267c3ad612079207265616c697a6120616363696f6e657320706172612073752061686f72726f20792075736f206566696369656e74653f20c2bf4375616c65733f, '1.27'),
(112, 'SOSTENIBLE_RECURSO2', 0xc2bf4c61206f7267616e697a616369c3b36e206c6c65766120756e20726567697374726f20646520636f6e73756d6f206d656e7375616c20646520616775612079207265616c697a6120616363696f6e657320706172612073752061686f72726f20792075736f206566696369656e74653f20c2bf4375616c65733f, '1.28'),
(113, 'SOSTENIBLE_RECURSO3', 0xc2bf4c6173207072696e636970616c6573206675656e74657320646520636f6e74616d696e616369c3b36e2061746d6f7366c3a9726963612c2061756469746976612c206f6c6f72657320792076697375616c20657374c3a16e206964656e74696669636164617320656e206c61207a6f6e612064697265637461206465206c61206f7267616e697a616369c3b36e3f20c2bf4375c3a16c65733f20, '1.29'),
(114, 'SOSTENIBLE_RECURSO4', 0xc2bf4c6173207072696e636970616c6573206675656e74657320646520636f6e74616d696e616369c3b36e2061746d6f7366c3a9726963612c2061756469746976612c206f6c6f72657320792076697375616c20657374c3a16e206964656e74696669636164617320656e206c61207a6f6e6120696e64697265637461206465206c61206f7267616e697a616369c3b36e3f20c2bf4375c3a16c65733f20, '1.30'),
(115, 'SOSTENIBLE_RECURSO5', 0xc2bf4c61206f7267616e697a616369c3b36e206469736d696e75796520656c20636f6e73756d6f206465207265637572736f732072656e6f7661626c65732079206e6f2072656e6f76616c65733f20c2bf43c3b36d6f3f, '1.31'),
(116, 'SOSTENIBLE_RECURSO6', 0xc2bf456c206269656e206f20736572766963696f20696d706c69636120616363696f6e657320657874726163746976617320736f627265206c6f73207265637572736f73206e61747572616c65733f205369206573206173c3ad20c2bf5365206375656e746120636f6e20756e2070726f6772616d61206465206d616e656a6f20616d6269656e74616c3f, '1.32'),
(117, 'RESPO_SOCIAL_EMPRESA1', 0xc2bf4c61206f7267616e697a616369c3b36e206375656e746120636f6e2070726f6772616d6173206465206765737469c3b36e20736f6369616c2c2064652073616c756420792073656775726964616420696e647573747269616c20636f72706f72617469766f733f20c2bf4375616c65733f, '1.33'),
(118, 'RESPO_SOCIAL_EMPRESA2', 0xc2bf4c61206f7267616e697a616369c3b36e20696d706c656d656e7461207072c3a163746963617320616c20696e746572696f72206465206c6120656d70726573612070617261206469736d696e7569722072696573676f732061736f636961646f73206120646573617374726573206e61747572616c65733f, '1.34'),
(119, 'RESPO_SOCIAL_EMPRESA3', 0xc2bf4c61206f7267616e697a616369c3b36e206d656a6f7261206c612063616c6964616420646520766964612064652073757320656d706c6561646f73202876697669656e64612c2065647563616369c3b36e2c2063756c747572612c207265637265616369c3b36e2079206465706f727465293f20c2bf43c3b36d6f3f, '1.35'),
(120, 'RESPO_SOCIAL_VALOR1', 0xc2bf4c61206f7267616e697a616369c3b36e20696e666f726d6120736f627265206c617320706172746963756c6172696461646573206465206c6f2873292070726f6365736f2873292064652070726f6475636369c3b36e20792f6f20636f6d65726369616c697a616369c3b36e2c207920726573616c74612073752061706f72746520656e206c6120637265616369c3b36e2064652076616c6f722079206275656e6173207072c3a163746963617320736f7374656e69626c65733f, '1.36'),
(121, 'RESPO_SOCIAL_VALOR2', 0xc2bf4c61206f7267616e697a616369c3b36e207469656e6520636f6e747261746f732c20616c69616e7a6173206f20636f6e76656e696f7320636f6e20656d7072657361732064652065636f6e6f6dc3ad6120736f6369616c2c204d4950594d455320792f6f2070726f6d7565766520657374726174656769617320646520656e636164656e616d69656e746f3f20c2bf4375c3a16c65733f, '1.37'),
(122, 'RESPO_SOCIAL_VALOR3', 0xc2bf4c61206f7267616e697a616369c3b36e2070726f6d75657665206c61206465766f6c756369c3b36e20646520656d7061717565732c20656e7661736573207920656d62616c616a65733f20, '1.38'),
(123, 'RESPO_SOCIAL_EXTERIOR1', 0xc2bf4c61206f7267616e697a616369c3b36e2061706f7961206c612067656e6572616369c3b36e20646520656d706c656f206c6f63616c3f, '1.39'),
(124, 'RESPO_SOCIAL_EXTERIOR2', 0xc2bf4c61206f7267616e697a616369c3b36e207469656e652070726f6772616d617320792f6f2061706f79612066756e646163696f6e65732075206f7267616e697a6163696f6e657320646520696e7665727369c3b36e20736f6369616c2079206465736172726f6c6c6f20636f6d756e69746172696f3f, '1.40'),
(125, 'RESPO_SOCIAL_EXTERIOR3', 0xc2bf4c61206f7267616e697a616369c3b36e2073656e736962696c697a6120612073757320636f6e73756d69646f72657320656e2073657220726573706f6e7361626c6520792020736f7374656e69626c65732061206c6120686f7261206465206164717569726972207375732070726f647563746f733f20, '1.41'),
(126, 'RESPO_SOCIAL_EXTERIOR4', 0xc2bf4c61206f7267616e697a616369c3b36e2072657370657461206c617320c3a172656173207920616374697669646164657320646520696d706f7274616e63696120736f6369616c2c2063756c747572616c2c2062696f6cc3b3676963612c20616d6269656e74616c20792072656c6967696f73612070617261206c6120636f6d756e696461643f20, '1.42'),
(127, 'RESPO_SOCIAL_EXTERIOR5', 0xc2bf4c61206f7267616e697a616369c3b36e207469656e65206d6563616e69736d6f20646520636f6e73756c74612061206c617320636f6d756e69646164657320616c656461c3b16173207920636c69656e7465732c2079206461207265737075657374612061206c6173207175656a6173206f207265636c616d6f73206465206c6173206d69736d61733f, '1.43'),
(128, 'RESPO_SOCIAL_EXTERIOR6', 0xc2bf4c61206f7267616e697a616369c3b36e2070726f7465676520656c20636f6e6f63696d69656e746f20416e6365737472616c206f20747261646963696f6e616c2079206c6f2073616c76616775617264613f, '1.44'),
(129, 'COMUNICACION_ATRIBUTOS1', 0xc2bf536520636f6d756e6963616e206c6f7320617472696275746f7320616d6269656e74616c6573207920736f6369616c65732064656c206269656e206f20736572766963696f2061206c6f7320636c69656e746573207920656c2070c3ba626c69636f20656e2067656e6572616c3f, '1.45'),
(130, 'COMUNICACION_ATRIBUTOS2', 0xc2bf4c61206f7267616e697a616369c3b36e20696e766f6c756372612061637469766964616465732064652065647563616369c3b36e20792063756c7475726120616d6269656e74616c3f, '1.46'),
(133, 'ESQUEMAS_RECONOCIMIENTOS1', 0xc2bf20456c206269656e206f20736572766963696f207469656e652065636f6574697175657461732c20636172746173206465207265636f6e6f63696d69656e746f2c20726567697374726f732064652061756469746f726961732c2073656c6c6f73206574632e3f20c2bf4375c3a16c65733f, '2.1'),
(134, 'ESQUEMAS_RECONOCIMIENTOS2', 0xc2bf204c61206f7267616e697a616369c3b36e206d696465207375206875656c6c6120646520636172626f6e6f2c20726567756c616369c3b36e2068c3ad6472696361206f20736572766963696f732065636f73697374656d69636f733f20c2bf4375c3a16c286573293f, '2.2'),
(135, 'RESPON_SOCIAL_ADICCIONAL1', 0xc2bf4c61206f7267616e697a616369c3b36e206f746f72676120636f6e646963696f6e657320736f6369616c65732079207061676f2064652073616c6172696f73206d656a6f7265732061206c617320657869676964617320706f72206c61206c656769736c616369c3b36e206e6163696f6e616c20766967656e74653f, '2.3'),
(136, 'RESPON_SOCIAL_ADICCIONAL2', 0xc2bf4c61206f7267616e697a616369c3b36e20636f6e747261746120706572736f6e616c20656e2065737461646f2064652076756c6e65726162696c696461643f, '2.4'),
(137, 'VIABILIDAD_ECONOMICA4', 0xc2bf4c61732076656e7461732064656c206269656e206f20736572766963696f20736f6e20737566696369656e74657320706172612068616365726c65206672656e74652061206c6173206e656365736964616465732066696e616e6369657261732028676173746f732c2072656d756e6572616369c3b36e2064652073757320656d706c6561646f732c206f74726f73293f, '1.4');

-- --------------------------------------------------------

--
-- Table structure for table `orientacion`
--
-- Creation: Aug 02, 2019 at 03:27 PM
--

CREATE TABLE IF NOT EXISTS `orientacion` (
  `id` int(11) NOT NULL AUTO_INCREMENT,
  `nombre` varchar(30) COLLATE utf8_bin NOT NULL,
  PRIMARY KEY (`id`)
) ENGINE=InnoDB  DEFAULT CHARSET=utf8 COLLATE=utf8_bin AUTO_INCREMENT=5 ;

--
-- Dumping data for table `orientacion`
--

INSERT INTO `orientacion` (`id`, `nombre`) VALUES
(1, 'Privada'),
(2, 'Pública'),
(3, 'ONG'),
(4, 'Otra');

-- --------------------------------------------------------

--
-- Table structure for table `otros_conservacion`
--
-- Creation: Aug 02, 2019 at 03:27 PM
--

CREATE TABLE IF NOT EXISTS `otros_conservacion` (
  `id` int(11) NOT NULL AUTO_INCREMENT,
  `empresa_id` int(11) NOT NULL,
  `nombre` varchar(50) COLLATE utf8_bin NOT NULL,
  `area` varchar(20) COLLATE utf8_bin NOT NULL,
  `descripcion` varchar(50) COLLATE utf8_bin NOT NULL,
  PRIMARY KEY (`id`),
  KEY `empresa_id` (`empresa_id`)
) ENGINE=InnoDB  DEFAULT CHARSET=utf8 COLLATE=utf8_bin AUTO_INCREMENT=4 ;

--
-- Dumping data for table `otros_conservacion`
--

INSERT INTO `otros_conservacion` (`id`, `empresa_id`, `nombre`, `area`, `descripcion`) VALUES
(1, 1, '', '', ''),
(2, 2, 'Buenas practicas de manufactura', '70 mt2', 'Buen uso de los residuos generados en la actividad'),
(3, 4, '', '', '');

-- --------------------------------------------------------

--
-- Table structure for table `otros_ecosistema`
--
-- Creation: Aug 02, 2019 at 03:27 PM
--

CREATE TABLE IF NOT EXISTS `otros_ecosistema` (
  `id` int(11) NOT NULL AUTO_INCREMENT,
  `empresa_id` int(11) NOT NULL,
  `nombre` varchar(50) COLLATE utf8_bin NOT NULL,
  `area` varchar(20) COLLATE utf8_bin NOT NULL,
  PRIMARY KEY (`id`),
  KEY `empresa_id` (`empresa_id`)
) ENGINE=InnoDB  DEFAULT CHARSET=utf8 COLLATE=utf8_bin AUTO_INCREMENT=4 ;

--
-- Dumping data for table `otros_ecosistema`
--

INSERT INTO `otros_ecosistema` (`id`, `empresa_id`, `nombre`, `area`) VALUES
(1, 1, '', ''),
(2, 2, 'Predio Urbano', '70 mt2'),
(3, 4, '', '');

-- --------------------------------------------------------

--
-- Table structure for table `otros_legislacion`
--
-- Creation: Aug 02, 2019 at 03:27 PM
--

CREATE TABLE IF NOT EXISTS `otros_legislacion` (
  `id` int(11) NOT NULL AUTO_INCREMENT,
  `empresa_id` int(11) NOT NULL,
  `nombre` varchar(30) COLLATE utf8_bin NOT NULL,
  `cumple_nocumple_id` int(11) NOT NULL,
  `observacion` varchar(50) COLLATE utf8_bin NOT NULL,
  PRIMARY KEY (`id`),
  KEY `empresa_id` (`empresa_id`),
  KEY `cumple_nocumple_id` (`cumple_nocumple_id`)
) ENGINE=InnoDB  DEFAULT CHARSET=utf8 COLLATE=utf8_bin AUTO_INCREMENT=4 ;

--
-- Dumping data for table `otros_legislacion`
--

INSERT INTO `otros_legislacion` (`id`, `empresa_id`, `nombre`, `cumple_nocumple_id`, `observacion`) VALUES
(1, 1, '', 2, ''),
(2, 2, 'Registro Sanitario', 2, 'Pendiente por tramitar, se están realizando las ad'),
(3, 4, '', 2, '');

-- --------------------------------------------------------

--
-- Table structure for table `otro_actividades`
--
-- Creation: Aug 02, 2019 at 03:27 PM
--

CREATE TABLE IF NOT EXISTS `otro_actividades` (
  `id` int(11) NOT NULL AUTO_INCREMENT,
  `empresa_id` int(11) NOT NULL,
  `nombre` varchar(100) COLLATE utf8_bin NOT NULL,
  `descripcion` varchar(100) COLLATE utf8_bin NOT NULL,
  `recurso_id` int(11) NOT NULL,
  PRIMARY KEY (`id`),
  KEY `empresa_id` (`empresa_id`),
  KEY `recurso_id` (`recurso_id`)
) ENGINE=InnoDB  DEFAULT CHARSET=utf8 COLLATE=utf8_bin AUTO_INCREMENT=4 ;

--
-- Dumping data for table `otro_actividades`
--

INSERT INTO `otro_actividades` (`id`, `empresa_id`, `nombre`, `descripcion`, `recurso_id`) VALUES
(1, 1, '', '', 1),
(2, 2, '', '', 1),
(3, 4, '', '', 1);

-- --------------------------------------------------------

--
-- Table structure for table `otro_involucra`
--
-- Creation: Aug 02, 2019 at 03:27 PM
--

CREATE TABLE IF NOT EXISTS `otro_involucra` (
  `id` int(11) NOT NULL AUTO_INCREMENT,
  `empresa_id` int(11) NOT NULL,
  `nombre` varchar(100) COLLATE utf8_bin NOT NULL,
  PRIMARY KEY (`id`),
  KEY `empresa_id` (`empresa_id`)
) ENGINE=InnoDB  DEFAULT CHARSET=utf8 COLLATE=utf8_bin AUTO_INCREMENT=4 ;

--
-- Dumping data for table `otro_involucra`
--

INSERT INTO `otro_involucra` (`id`, `empresa_id`, `nombre`) VALUES
(1, 1, ''),
(2, 2, '                  '),
(3, 4, '                  ');

-- --------------------------------------------------------

--
-- Table structure for table `otro_programa`
--
-- Creation: Aug 02, 2019 at 03:27 PM
--

CREATE TABLE IF NOT EXISTS `otro_programa` (
  `id` int(11) NOT NULL AUTO_INCREMENT,
  `empresa_id` int(11) NOT NULL,
  `nombre` varchar(100) COLLATE utf8_bin NOT NULL,
  `descripcion` varchar(100) COLLATE utf8_bin NOT NULL,
  PRIMARY KEY (`id`),
  KEY `empresa_id` (`empresa_id`)
) ENGINE=InnoDB  DEFAULT CHARSET=utf8 COLLATE=utf8_bin AUTO_INCREMENT=4 ;

--
-- Dumping data for table `otro_programa`
--

INSERT INTO `otro_programa` (`id`, `empresa_id`, `nombre`, `descripcion`) VALUES
(1, 1, '', ''),
(2, 2, '', ''),
(3, 4, '', '');

-- --------------------------------------------------------

--
-- Table structure for table `pais`
--
-- Creation: Aug 02, 2019 at 03:27 PM
--

CREATE TABLE IF NOT EXISTS `pais` (
  `id` int(11) NOT NULL AUTO_INCREMENT,
  `nombre` varchar(30) COLLATE utf8_bin NOT NULL,
  PRIMARY KEY (`id`)
) ENGINE=InnoDB  DEFAULT CHARSET=utf8 COLLATE=utf8_bin AUTO_INCREMENT=2 ;

--
-- Dumping data for table `pais`
--

INSERT INTO `pais` (`id`, `nombre`) VALUES
(1, 'Colombia');

-- --------------------------------------------------------

--
-- Table structure for table `partner_page`
--
-- Creation: Aug 02, 2019 at 03:27 PM
-- Last update: Aug 02, 2019 at 03:27 PM
--

CREATE TABLE IF NOT EXISTS `partner_page` (
  `id` int(11) NOT NULL AUTO_INCREMENT,
  `nombre` varchar(30) NOT NULL,
  `ruta` varchar(60) NOT NULL,
  PRIMARY KEY (`id`)
) ENGINE=MyISAM  DEFAULT CHARSET=latin1 AUTO_INCREMENT=18 ;

--
-- Dumping data for table `partner_page`
--

INSERT INTO `partner_page` (`id`, `nombre`, `ruta`) VALUES
(3, 'gobernacion', '1062_escudo-choco-new-pag_200x200.png'),
(4, 'dps', 'logo-DPS-Gov.png'),
(5, 'iiap', 'logo.png'),
(6, 'confachoco', 'logo (1).png'),
(7, 'alcaldia', 'escudo.png'),
(8, 'utch', 'logo_utch_400x95.png'),
(9, 'sena', 'logoSena.png'),
(10, 'icbf', 'icbf-logo_32.png'),
(11, 'fucla', 'logo-uniclaretiana.png'),
(12, 'bioinnova', 'BIOINNOVA-400.png'),
(13, 'banco agrario', 'logo-banco-agrario-colombia.png'),
(14, 'ica', 'LogoICA.png'),
(15, 'oim', 'logo (2).png'),
(16, 'wwf', 'logo (3).png'),
(17, 'pnud', 'pnud-logo-30.svg');

-- --------------------------------------------------------

--
-- Table structure for table `permiso`
--
-- Creation: Aug 02, 2019 at 03:27 PM
--

CREATE TABLE IF NOT EXISTS `permiso` (
  `id` int(11) NOT NULL AUTO_INCREMENT,
  `empresa_id` int(11) NOT NULL,
  `opciones_id` int(11) NOT NULL,
  `aplica_noaplica_id` int(11) NOT NULL,
  `cumple_nocumple_id` int(11) NOT NULL,
  `vigencia` varchar(20) COLLATE utf8_bin NOT NULL,
  `observacion` varchar(100) COLLATE utf8_bin NOT NULL,
  PRIMARY KEY (`id`),
  KEY `empresa_id` (`empresa_id`),
  KEY `opciones_id` (`opciones_id`),
  KEY `aplica_noaplica_id` (`aplica_noaplica_id`),
  KEY `cumple_nocumple_id` (`cumple_nocumple_id`)
) ENGINE=InnoDB  DEFAULT CHARSET=utf8 COLLATE=utf8_bin AUTO_INCREMENT=16 ;

--
-- Dumping data for table `permiso`
--

INSERT INTO `permiso` (`id`, `empresa_id`, `opciones_id`, `aplica_noaplica_id`, `cumple_nocumple_id`, `vigencia`, `observacion`) VALUES
(1, 1, 22, 2, 2, '', ''),
(2, 1, 23, 2, 2, '', ''),
(3, 1, 24, 2, 2, '', ''),
(4, 1, 25, 2, 2, '', ''),
(5, 1, 26, 2, 2, '', ''),
(6, 2, 22, 2, 2, '', ''),
(7, 2, 23, 2, 2, '', ''),
(8, 2, 24, 2, 2, '', ''),
(9, 2, 25, 2, 2, '', ''),
(10, 2, 26, 2, 2, '', ''),
(11, 4, 22, 2, 2, '', ''),
(12, 4, 23, 2, 2, '', ''),
(13, 4, 24, 2, 2, '', ''),
(14, 4, 25, 2, 2, '', ''),
(15, 4, 26, 2, 2, '', '');

-- --------------------------------------------------------

--
-- Table structure for table `persona`
--
-- Creation: Aug 02, 2019 at 03:27 PM
--

CREATE TABLE IF NOT EXISTS `persona` (
  `id` int(11) NOT NULL AUTO_INCREMENT,
  `identificacion` varchar(15) COLLATE utf8_bin NOT NULL,
  `nombre1` varchar(30) COLLATE utf8_bin NOT NULL,
  `nombre2` varchar(30) COLLATE utf8_bin NOT NULL,
  `apellido1` varchar(30) COLLATE utf8_bin NOT NULL,
  `paellido2` varchar(30) COLLATE utf8_bin NOT NULL,
  `correo` varchar(30) COLLATE utf8_bin NOT NULL,
  `celular` varchar(15) COLLATE utf8_bin NOT NULL,
  `fijo` varchar(15) COLLATE utf8_bin NOT NULL,
  `direccion` varchar(40) COLLATE utf8_bin NOT NULL,
  `rol_id` int(11) NOT NULL,
  `entidad` varchar(150) COLLATE utf8_bin NOT NULL,
  `area_id` int(11) NOT NULL,
  PRIMARY KEY (`id`),
  KEY `rol_id` (`rol_id`),
  KEY `area_id` (`area_id`)
) ENGINE=InnoDB  DEFAULT CHARSET=utf8 COLLATE=utf8_bin AUTO_INCREMENT=38 ;

--
-- Dumping data for table `persona`
--

INSERT INTO `persona` (`id`, `identificacion`, `nombre1`, `nombre2`, `apellido1`, `paellido2`, `correo`, `celular`, `fijo`, `direccion`, `rol_id`, `entidad`, `area_id`) VALUES
(17, '1235464', 'stiven', '', 'Morales', 'jj', 'dasd@hotm.copm', '3201646', '67125', 'PABLO SEXTO', 1, '', 1),
(25, '11795555', 'Yovanny', '', 'Rodríguez', 'Córdoba', 'yrodriguez@codechoco.gov.co', '3117764798', '6710711', 'Cra 1 N° 22-96', 3, '', 1),
(30, '1077467646', 'steffany ', 'johana', 'florez', 'murillo', 'steffany82010@hotmail.es', '3136339205', '', 'alfonso lopez ', 2, '', 1),
(31, '4799040', 'GREGORIO RENTERIA MOSQUERA', '', '', '', 'grerentcarbon@gmail.com', '3202902088', '6711879', 'Barrio  Cesar Conto', 4, '', 1),
(32, '11795555', 'Yovanny', '', 'Rodríguez', 'Córdoba', 'yrodriguez@codechoco.gov.co', '3117764798', '6710711', 'Cra 1 N° 22-96', 2, '', 1),
(33, '54250989', 'Betty Amparo Moreno Moreno', '', '', '', 'anguely35@gmail.com', '3137256477', '3137256477', 'Cra 22 # 18 - 97', 4, '', 1),
(35, '00000000', 'no', '', '', '', 'no@sdsa.com', '', '', '', 4, '', 1),
(36, '12345', 'Luisa', 'Fernanda', 'Niño', 'Ranchero', 'lfnino@minambiente.gov.co', '3176227136', '3176227136', 'Ministerio de Ambiente', 2, '', 1),
(37, '100000000000', 'LUISA NIÑO', '', '', '', 'LFNINO@MINAMBIENTE.GOV.CO', '310000000', '123456', 'CRA 32 # 8 - 12', 4, '', 1);

-- --------------------------------------------------------

--
-- Table structure for table `plan_manejo`
--
-- Creation: Aug 02, 2019 at 03:27 PM
--

CREATE TABLE IF NOT EXISTS `plan_manejo` (
  `id` int(11) NOT NULL AUTO_INCREMENT,
  `empresa_id` int(11) NOT NULL,
  `opciones_id` int(11) NOT NULL,
  `aplica_noaplica_id` int(11) NOT NULL,
  `cumple_nocumple_id` int(11) NOT NULL,
  `vigencia` varchar(100) COLLATE utf8_bin NOT NULL,
  `observacion` varchar(100) COLLATE utf8_bin NOT NULL,
  `confirmacion` varchar(10) COLLATE utf8_bin NOT NULL,
  PRIMARY KEY (`id`),
  KEY `empresa_id` (`empresa_id`),
  KEY `opciones_id` (`opciones_id`),
  KEY `aplica_noaplica_id` (`aplica_noaplica_id`),
  KEY `cumple_nocumple_id` (`cumple_nocumple_id`)
) ENGINE=InnoDB  DEFAULT CHARSET=utf8 COLLATE=utf8_bin AUTO_INCREMENT=13 ;

--
-- Dumping data for table `plan_manejo`
--

INSERT INTO `plan_manejo` (`id`, `empresa_id`, `opciones_id`, `aplica_noaplica_id`, `cumple_nocumple_id`, `vigencia`, `observacion`, `confirmacion`) VALUES
(1, 1, 49, 2, 2, '', '', 'no'),
(2, 1, 50, 2, 2, '', '', 'no'),
(3, 1, 51, 2, 2, '', '', 'no'),
(4, 1, 52, 2, 2, '', '', 'no'),
(5, 2, 49, 2, 2, '', '', 'no'),
(6, 2, 50, 2, 2, '', '', 'no'),
(7, 2, 51, 2, 2, '', '', 'no'),
(8, 2, 52, 2, 2, '', '', 'no'),
(9, 4, 49, 2, 2, '', '', 'no'),
(10, 4, 50, 1, 2, '', '', 'si'),
(11, 4, 51, 1, 1, '', '', 'si'),
(12, 4, 52, 2, 2, '', '', 'no');

-- --------------------------------------------------------

--
-- Table structure for table `plan_mejora`
--
-- Creation: Aug 02, 2019 at 03:27 PM
--

CREATE TABLE IF NOT EXISTS `plan_mejora` (
  `id` int(11) NOT NULL AUTO_INCREMENT,
  `empresa_id` int(11) NOT NULL,
  `opciones_id` int(11) NOT NULL,
  `acciones` text COLLATE utf8_bin NOT NULL,
  `actor` text COLLATE utf8_bin NOT NULL,
  `resultado` text COLLATE utf8_bin NOT NULL,
  `mes_1` varchar(1) COLLATE utf8_bin NOT NULL,
  `mes_2` varchar(1) COLLATE utf8_bin NOT NULL,
  `mes_3` varchar(1) COLLATE utf8_bin NOT NULL,
  `mes_4` varchar(1) COLLATE utf8_bin NOT NULL,
  `mes_5` varchar(1) COLLATE utf8_bin NOT NULL,
  `mes_6` varchar(1) COLLATE utf8_bin NOT NULL,
  `mes_7` varchar(1) COLLATE utf8_bin NOT NULL,
  `mes_8` varchar(1) COLLATE utf8_bin NOT NULL,
  `mes_9` varchar(1) COLLATE utf8_bin NOT NULL,
  `mes_10` varchar(1) COLLATE utf8_bin NOT NULL,
  `mes_11` varchar(1) COLLATE utf8_bin NOT NULL,
  `mes_12` varchar(1) COLLATE utf8_bin NOT NULL,
  `observacion` text COLLATE utf8_bin NOT NULL,
  PRIMARY KEY (`id`),
  KEY `opciones_id` (`opciones_id`),
  KEY `empresa_id` (`empresa_id`)
) ENGINE=InnoDB  DEFAULT CHARSET=utf8 COLLATE=utf8_bin AUTO_INCREMENT=82 ;

--
-- Dumping data for table `plan_mejora`
--

INSERT INTO `plan_mejora` (`id`, `empresa_id`, `opciones_id`, `acciones`, `actor`, `resultado`, `mes_1`, `mes_2`, `mes_3`, `mes_4`, `mes_5`, `mes_6`, `mes_7`, `mes_8`, `mes_9`, `mes_10`, `mes_11`, `mes_12`, `observacion`) VALUES
(1, 1, 73, 0x626e62, 0x206e6a, 0x6666, '', '', '', '', '', '', '', 'x', '', '', '', '', ''),
(2, 1, 86, '', '', '', '', '', '', '', '', '', '', '', '', '', '', '', ''),
(3, 1, 89, '', '', '', '', '', '', '', '', '', '', '', '', '', '', '', ''),
(4, 1, 137, '', '', '', '', '', '', '', '', '', '', '', '', '', '', '', ''),
(5, 1, 90, '', '', '', '', '', '', '', '', '', '', '', '', '', '', '', ''),
(6, 1, 92, '', '', '', '', '', '', '', '', '', '', '', '', '', '', '', ''),
(7, 1, 93, '', '', '', '', '', '', '', '', '', '', '', '', '', '', '', ''),
(8, 1, 94, '', '', '', '', '', '', '', '', '', '', '', '', '', '', '', ''),
(9, 1, 96, '', '', '', '', '', '', '', '', '', '', '', '', '', '', '', ''),
(10, 1, 97, '', '', '', '', '', '', '', '', '', '', '', '', '', '', '', ''),
(11, 1, 98, '', '', '', '', '', '', '', '', '', '', '', '', '', '', '', ''),
(12, 1, 100, '', '', '', '', '', '', '', '', '', '', '', '', '', '', '', ''),
(13, 1, 102, '', '', '', '', '', '', '', '', '', '', '', '', '', '', '', ''),
(14, 1, 103, '', '', '', '', '', '', '', '', '', '', '', '', '', '', '', ''),
(15, 1, 105, '', '', '', '', '', '', '', '', '', '', '', '', '', '', '', ''),
(16, 1, 106, '', '', '', '', '', '', '', '', '', '', '', '', '', '', '', ''),
(17, 1, 108, '', '', '', '', '', '', '', '', '', '', '', '', '', '', '', ''),
(18, 1, 111, '', '', '', '', '', '', '', '', '', '', '', '', '', '', '', ''),
(19, 1, 112, '', '', '', '', '', '', '', '', '', '', '', '', '', '', '', ''),
(20, 1, 116, '', '', '', '', '', '', '', '', '', '', '', '', '', '', '', ''),
(21, 1, 118, '', '', '', '', '', '', '', '', '', '', '', '', '', '', '', ''),
(22, 1, 120, '', '', '', '', '', '', '', '', '', '', '', '', '', '', '', ''),
(23, 1, 123, '', '', '', '', '', '', '', '', '', '', '', '', '', '', '', ''),
(24, 1, 126, '', '', '', '', '', '', '', '', '', '', '', '', '', '', '', ''),
(25, 1, 128, '', '', '', '', '', '', '', '', '', '', '', '', '', '', '', ''),
(26, 1, 129, '', '', '', '', '', '', '', '', '', '', '', '', '', '', '', ''),
(27, 1, 133, '', '', '', '', '', '', '', '', '', '', '', '', '', '', '', ''),
(28, 1, 135, '', '', '', '', '', '', '', '', '', '', '', '', '', '', '', ''),
(29, 1, 136, '', '', '', '', '', '', '', '', '', '', '', '', '', '', '', ''),
(30, 2, 86, 0x22536520726571756965726520706f646572206f6672656365722061206c6120656d707265736172696120756e2061636f6d7061c3b1616d69656e746f20656e206c6f732074656d61732061646d696e69737472617469766f73207920636f6e7461626c65732c206465206d616e65726120636f6e74696e75612c206461646f20717565206c617320696e74657276656e63696f6e65732070756e7475616c657320792f6f206175746f6469646163746173207175652068612074656e69646f2028706f7220656a656d706c6f20636f6e20445053292c206e6f2066756e63696f6e616e206461646f2071756520656c6c6120657374c3a12070726163746963616d656e746520736f6c6120656e206573746f732074656d61732c2070756573207375207469656d706f207365206c6f206465626520646564696361722061206c612070726f6475636369c3b36e2e0d0a41206573746520726573706563746f2073652070726f706f6e6520686163657220756e206163657263616d69656e746f20636f6e206c6120555443482c207061726120766572206c6120706f736962696c69646164206465206573746120696e73746974756369c3b36e2064652065737461626c6563657220756e20677275706f20646520706173616e7465732071756520636f6e666f726d656e20756e612065737065636965206465202222636f6e73756c746f72696f2061646d696e69737472617469766f2c20636f6e7461626c6520792066696e616e636965726f207061726120656d7072656e6465646f726573206465206e65676f63696f732076657264657322222e2044652074616c206d616e65726120717565207365207075656461207265616c6d656e74652074656e657220756e6120636f6e74696e7569646164207061726120656c2066756e63696f6e616d69656e746f20646520657374c3a17320c3a17265617320646520766974616c20696d706f7274616e6369612e2209090909090d0a536520726571756965726520706f646572206f6672656365722061206c6120656d707265736172696120756e2061636f6d7061c3b1616d69656e746f20656e206c6f732074656d61732061646d696e69737472617469766f73207920636f6e7461626c65732c206465206d616e65726120636f6e74696e75612c206461646f20717565206c617320696e74657276656e63696f6e65732070756e7475616c657320792f6f206175746f6469646163746173207175652068612074656e69646f2028706f7220656a656d706c6f20636f6e20445053292c206e6f2066756e63696f6e616e206461646f2071756520656c6c6120657374c3a12070726163746963616d656e746520736f6c6120656e206573746f732074656d61732c2070756573207375207469656d706f207365206c6f206465626520646564696361722061206c612070726f6475636369c3b36e2e0d0a41206573746520726573706563746f2073652070726f706f6e6520686163657220756e206163657263616d69656e746f20636f6e206c6120555443482c207061726120766572206c6120706f736962696c69646164206465206573746120696e73746974756369c3b36e2064652065737461626c6563657220756e20677275706f20646520706173616e7465732071756520636f6e666f726d656e20756e6120657370656369652064652022636f6e73756c746f72696f2061646d696e69737472617469766f2c20636f6e7461626c6520792066696e616e636965726f207061726120656d7072656e6465646f726573206465206e65676f63696f7320766572646573222e2044652074616c206d616e65726120717565207365207075656461207265616c6d656e74652074656e657220756e6120636f6e74696e7569646164207061726120656c2066756e63696f6e616d69656e746f20646520657374c3a17320c3a17265617320646520766974616c20696d706f7274616e6369612e, 0x555443480d0a456d7072657361726961, 0x4c6c65766172206c6f7320726567697374726f7320636f6e7461626c65732062c3a17369636f7320706172612064657465726d696e6172206c612076696162696c69646164207265616c2064656c206e65676f63696f2e, '', '', '', '', '', '', '', '', '', '', '', '', 0x536520706c616e746561206465206d616e657261207065726d616e656e7465206461646f2071756520657374c3a120746f646f20706f722073657220636f6e7374727569646f2079206f7267616e697a61646f2c2079207369206e6f207365206c6f67726120756e2061636f6d7061c3b1616d69656e746f20686f6d62726f206120686f6d62726f2c207661206120736572206d7579206469666963696c20717565206c6120656d7072657361726961206c6f206c6f677265206d616e74656e65722e204c612069646561206573206179756461726c65206d69656e7472617320656c206e65676f63696f206372656365202861756d656e74616e646f206361706163696461642064652070726f6475636369c3b36e2079206c6c6567616e646f2061206e7565766f73206d65726361646f737329207920656c6c6120707565646520657374617220656e2063617061636964616420646520706167617220756e2061706f796f2061646d696e69737472617469766f207920636f6e7461626c652e20),
(31, 2, 88, 0x446f63756d656e746172206c6f73206469666572656e7465732070657266696c657320646520636c69656e74657320717565207365206d616e656a616e2061637475616c6d656e74652c2064652074616c206d616e657261207175652073652070756564616e20646566696e697220657374726174656769617320646520666964656c697a616369c3b36e20646520636c69656e7465732079207365207669736962696c696365206c61206f706f7274756e6964616420646520616363656465722061206e7565766f73206d65726361646f732e, 0x555443480d0a53454e410d0a43c3814d41524120444520434f4d455243494f, 0x456e74656e64657220636164612070657266696c20646520636c69656e74652061637475616c207920706f74656e6369616c2e, '', '', '', '', '', '', '', '', '', '', '', '', 0x456e2063756174726f206d6573657320657320706f7369626c65206861636572206c612070657266696c616369c3b36e20792064697365c3b1617220657374726174656769617320646520666964656c697a616369c3b36e2079206c6c65676164612061206e7565766f73206d65726361646f732e),
(32, 2, 89, 0x506f74656e6369617220656c2070726f6772616d6120717565207365207669656e65206164656c616e74616e646f20646573646520656c20445053207061726120656c2074656d612064652068c3a16269746f7320656d70726573617269616c65732c20636f6d706c656d656e74616e646f20636f6e2061706f796f20656e206c6120646566696e696369c3b36e20636f6e20636c6172696461642064656c206d6f64656c6f206465206e65676f63696f2c207920706f73746572696f7220656c61626f72616369c3b36e2064656c20706c616e206465206e65676f63696f2e, 0x555443480d0a53454e410d0a43c3814d41524120444520434f4d455243494f0d0a456d7072657361726961, 0x54656e657220756e206d6f64656c6f206465206e65676f63696f20646566696e69646f207920756e20706c616e206465206e65676f63696f2e, '', '', '', '', '', '', '', '', '', '', '', '', 0x536520657374696d612071756520656e20646f73206d6573657320646520646566696e6120656c206d6f64656c6f206465206e65676f63696f206465206d616e657261207061727469636970617469766120636f6e206c6120656d707265736172696120792073757320636f6c61626f7261646f7261732e20506f73746572696f726d656e746520696e6963696172206c6120636f6e73747275636369c3b36e20646520756e20706c616e206465206e65676f63696f2e),
(33, 2, 137, 0x456e206c61206d656469646120656e207175652073652074656e676120756e6120696e666f726d616369c3b36e20636f6e7461626c6520766572617a2c20736520706f647261207265616c697a6172206c6120696e74657270726574616369c3b36e206465206c6f73206d69736d6f73207920756e20616ec3a16c697369732066696e616e636965726f2c20717565207065726d69746120646566696e69722073692070726f6261626c656d656e74652073652070756564656e20616a757374617220616c67756e6f7320636f73746f73207920676173746f732c2064652074616c206d616e65726120717565207365206c6f677265206861636572206dc3a1732072656e7461626c65206c61206f706572616369c3b36e2064656c206e65676f63696f2e, 0x555443480d0a53454e410d0a43c3814d41524120444520434f4d455243494f, 0x4861636572206dc3a1732072656e7461626c6520656c206e65676f63696f2e, '', '', '', '', '', '', '', '', '', '', '', '', 0x456c20616ec3a16c697369732066696e616e636965726f2079206c6f7320616a75737465732071756520726571756965726120656c206e65676f63696f20736f6c6f20736520706f6472c3a16e20686163657220656e206c61206d656469646120656e20717565207365206176616e636520656e206c6f7320726567697374726f7320636f6e7461626c6573206465206d616e65726120636f6e666961626c652c2079206465206168c3ad20656e206164656c616e74652073652064656265207265616c697a6172206c6f7320616ec3a16c69736973206465206c6f73206469666572656e74657320696e64696361646f726573206465206d616e65726120706572696f646963612e),
(34, 2, 91, 0x4573206d757920696d706f7274616e746520686163657220756e20616ec3a169697369732064656c2065737461646f206465206c6f7320636f636f7465726f732061637475616c6d656e746520656e20656c20646570617274616d656e746f20636f6e20756e207265666572656e746520656e20656c207061c3ad732c206573747564696172206c617320766172696564616465732c20792070726f79656374617220756e20706f7369626c652070726f796563746f206465207265666f72657374616369c3b36e20646520636f636f2e0d0a0d0a4465206f7472612070617274652073652064656265207265616c697a6172206c61207472617a6162696c69646164206672656e746520616c206f726967656e206465206c6f7320636f636f73207175652061637475616c6d656e746520736520636f6d7072616e20656e204d6564656c6cc3ad6e2e, 0x555443480d0a434f444543484f434f, 0x436f6e6f636572206c6120706f736962696c69646164207920656c20706c617a6f207265616c20646520706f64657220636f6e74617220636f6e20636f636f7320656e20656c20646570617274616d656e746f2e0d0a0d0a536162657220656c206f726967656e207265616c206465206c6f7320636f636f73207175652061637475616c6d656e7465207365207574696c697a616e20656e206c612070726f6475636369c3b36e2e, '', '', '', '', '', '', '', '', '', '', '', '', 0x4861792071756520636f6e206c6120756e697665727369646164207265766973617220706f7369626c657320696e7665737469676163696f6e6573207961207265616c697a6164617320656e206573652073656e7469646f2c20792064657465726d696e6172206f74726f73206173706563746f7320696d706f7274616e74657320612073657220726576697361646f7320717565207065726d6974616e20736f706f72746172206c612076696162696c6964616420646520756e20706f7369626c652070726f796563746f206465207265666f72657374616369c3b36e20646520636f636f2e),
(35, 2, 93, 0x4573206d757920696d706f7274616e746520686163657220756e20616ec3a169697369732064656c2065737461646f206465206c6f7320636f636f7465726f732061637475616c6d656e746520656e20656c20646570617274616d656e746f20636f6e20756e207265666572656e746520656e20656c207061c3ad732c206573747564696172206c617320766172696564616465732c20792070726f79656374617220756e20706f7369626c652070726f796563746f206465207265666f72657374616369c3b36e20646520636f636f2e0d0a0d0a4465206f7472612070617274652073652064656265207265616c697a6172206c61207472617a6162696c69646164206672656e746520616c206f726967656e206465206c6f7320636f636f73207175652061637475616c6d656e746520736520636f6d7072616e20656e204d6564656c6cc3ad6e2e, 0x555443480d0a434f444543484f434f, 0x436f6e6f636572206c6120706f736962696c69646164207920656c20706c617a6f207265616c20646520706f64657220636f6e74617220636f6e20636f636f7320656e20656c20646570617274616d656e746f2e0d0a0d0a536162657220656c206f726967656e207265616c206465206c6f7320636f636f73207175652061637475616c6d656e7465207365207574696c697a616e20656e206c612070726f6475636369c3b36e2e, '', '', '', '', '', '', '', '', '', '', '', '', 0x4861792071756520636f6e206c6120756e697665727369646164207265766973617220706f7369626c657320696e7665737469676163696f6e6573207961207265616c697a6164617320656e206573652073656e7469646f2c20792064657465726d696e6172206f74726f73206173706563746f7320696d706f7274616e74657320612073657220726576697361646f7320717565207065726d6974616e20736f706f72746172206c612076696162696c6964616420646520756e20706f7369626c652070726f796563746f206465207265666f72657374616369c3b36e20646520636f636f2e),
(36, 2, 94, 0x56697369746172207920646f63756d656e746172206c6f732063756c7469766f73206f20c3a172656173206465207265636f6c65636369c3b36e206465206c6f732070726f766565646f7265732061637475616c6573206465206c6f7320667275746f73206e617469766f732c20726573616c74616e646f20737573206275656e6173207072c3a163746963617320616d6269656e74616c6573207920736f6369616c65732c207920636f6d6f20426f63616469746f7320446fc3b1612042657474792061706f72746120612065736f73206465736172726f6c6c6f732e, 0x555443480d0a434f444543484f434f, 0x526573616c74617220656c206f726967656e206465206c61206d617465726961207072696d6120646520667275746f73206e617469766f73207175652061637475616c6d656e74652073757274656e2061206c6120656d70726573617269612e, '', '', '', '', '', '', '', '', '', '', '', '', 0x53652074726174612064652074656e6572206d656a6f7220646f63756d656e7461646f20656c20696d706163746f20616d6269656e74616c207920736f6369616c20706f73697469766f20636f6e20717565206375656e7461206c6120656d70726573617269612e),
(37, 2, 98, 0x53652070726f706f6e652065737175656d6174697a617220746f646f20656c2073697374656d612070726f6475637469766f2c2064652074616c206d616e6572612071756520736520666163696c697465206964656e74696669636172206c6f7320706f7369626c657320696d706163746f73206f2061666563746163696f6e6573207175652073652067656e6572656e206f207175652073652070756564616e2067656e6572617220656e206361646120756e6f206465206c6f73207061736f732e0d0a556e612076657a206964656e746966696361646f7320736520706f6472c3a16e2065737461626c6563657220616363696f6e65732064652070726576656e6369c3b36e206f206d69746967616369c3b36e206465206c6f73206d69736d6f732e, 0x555443480d0a434f444543484f434f0d0a4c6120656d70726573617269612e, 0x446f63756d656e74617220656c2070726f6365736f2070726f6475637469766f2079206c6f73207265737065637469766f7320696d706163746f732079206d656469646173206120746f6d61722e, '', '', '', '', '', '', '', '', '', '', '', '', 0x53652074726174612064652074656e657220646f63756d656e7461646f20656c2070726f6365736f2070726f6475637469766f2c20636f6e206c6f7320696d706163746f73207175652073652070756564656e2067656e72617220656e2063616461207061736f2c2074726162616a6f20717565207365206465626520686163657220706172746963697061746976616d656e746520636f6e206c6120656d70726573617269612e204c617320616363696f6e6573206120696d706c656d656e74617220706172612070726576656e6972206f206d6974696761722073652065737461626c65636572c3ad616e2074656e69656e646f20656e206375656e7461206c617320636f6e646963696f6e65732066696e616e6369657261732064656c20656d7072656e64696d69656e746f2e),
(38, 2, 99, 0x53652070726f706f6e652065737175656d6174697a617220746f646f20656c2073697374656d612070726f6475637469766f2c2064652074616c206d616e6572612071756520736520666163696c697465206964656e74696669636172206c6f7320706f7369626c657320696d706163746f73206f2061666563746163696f6e6573207175652073652067656e6572656e206f207175652073652070756564616e2067656e6572617220656e206361646120756e6f206465206c6f73207061736f732e0d0a556e612076657a206964656e746966696361646f7320736520706f6472c3a16e2065737461626c6563657220616363696f6e65732064652070726576656e6369c3b36e206f206d69746967616369c3b36e206465206c6f73206d69736d6f732e, 0x555443480d0a434f444543484f434f0d0a4c6120656d70726573617269612e, 0x446f63756d656e74617220656c2070726f6365736f2070726f6475637469766f2079206c6f73207265737065637469766f7320696d706163746f732079206d656469646173206120746f6d61, '', '', '', '', '', '', '', '', '', '', '', '', 0x53652074726174612064652074656e657220646f63756d656e7461646f20656c2070726f6365736f2070726f6475637469766f2c20636f6e206c6f7320696d706163746f73207175652073652070756564656e2067656e72617220656e2063616461207061736f2c2074726162616a6f20717565207365206465626520686163657220706172746963697061746976616d656e746520636f6e206c6120656d70726573617269612e204c617320616363696f6e6573206120696d706c656d656e74617220706172612070726576656e6972206f206d6974696761722073652065737461626c65636572c3ad616e2074656e69656e646f20656e206375656e7461206c617320636f6e646963696f6e65732066696e616e6369657261732064656c20656d7072656e64696d69656e746f2e),
(39, 2, 100, 0x53652074726174612064652074656e657220646f63756d656e7461646f20656c2070726f6365736f2070726f6475637469766f2c20636f6e206c6f7320696d706163746f73207175652073652070756564656e2067656e72617220656e2063616461207061736f2c2074726162616a6f20717565207365206465626520686163657220706172746963697061746976616d656e746520636f6e206c6120656d70726573617269612e204c617320616363696f6e6573206120696d706c656d656e74617220706172612070726576656e6972206f206d6974696761722073652065737461626c65636572c3ad616e2074656e69656e646f20656e206375656e7461206c617320636f6e646963696f6e65732066696e616e6369657261732064656c20656d7072656e64696d69656e746f2e, 0x555443480d0a434f444543484f434f0d0a4c6120656d70726573617269612e, 0x4164656dc3a173206465206c6f20706c616e746561646f20656e20656c2070756e746f20312c36207920756e612076657a2073652074656e6761206d61796f7220636c61726964616420656e206c6f7320636f73746f732064652070726f6475636369c3b36e20706f64657220636f6e74617220636f6e20756e20656d7061717565206d7563686f206dc3a17320616d696761626c6520636f6e20656c206d6564696f20616d6269656e74652e, '', '', '', '', '', '', '', '', '', '', '', '', 0x41646963696f6e616c2061206c6f20706c616e746561646f20656e20656c2070756e746f20312c362c207365207472617461206465206578706c6f726172206e7565766f7320656d70617175657320717565206e6f207365616e20706cc3a1737469636f732c20616ec3a16c697a617220737520696d706163746f20656e206c6f7320636f73746f732c207920766572206c6120706f736962696c696461642064652061726d617220756e612072656420636f6e206f74726f7320656d7072656e6465646f72657320717565207573616e20656d7061717565732073696d696c617265732c207061726120706f7220766f6c756d656e2068616365726c6f20766961626c6520656e20636f73746f732e),
(40, 2, 101, 0x44697365c3b1617220756e2062726576652070726f6772616d612064652063617061636974616369c3b36e2070617261206c6f7320656d707265736172696f73206465206e65676f63696f732076657264657320792073757320636f6c61626f7261646f7265732c20656e206c6173206469666572656e7465732064696d656e73696f6e6573207920636f6d706f6e656e7465732064656c206465736172726f6c6c6f20736f7374656e69626c652e204e6f20736f6c6f20636f6e6365707475616c2c2073696e6f2074616d6269c3a96e20636f6d6f206465736465207375206e65676f63696f20766572646520657374c3a12068616369656e646f20756e2061706f7274652061206c6f73206f626a657469766f73206465204465736172726f6c6c6f20736f7374656e69626c652064656c206d756e646f2e, 0x555443480d0a494e56494d41, 0x45737461626c65636572206c61206d61796f722063616e74696461642064652064c3ad617320636f6d6f207669646120c3ba74696c206465206c6f73206469666572656e7465732070726f647563746f732c2074656e69656e646f20656e6375656e74612071756520756e6f2064652073757320617472696275746f7320657320736572206e61747572616c2e, '', '', '', '', '', '', '', '', '', '', '', '', 0x536520726571756965726520756e207469656d706f20646520616ec3a16c697369732074656e69656e646f20656e206375656e7461206c6f7320696e6772656469656e74657320696e766f6c75637261646f7320656e20656c2070726f6365736f2e),
(41, 2, 102, 0x5265766973617220647572616e7465206c61732061646563756163696f6e6573207265616c697a616461732c20636f6d6f206d696e696d697a617220656c20696d706163746f206465206c6173206d69736d617320736f62726520656c2070726f6365736f2070726f6475637469766f2e, 0x555443480d0a434f444543484f434f0d0a4c6120656d70726573617269612e, 0x526576697369c3b36e206465206c61732061646563756163696f6e6573206120686163657273652079206c6120666f726d6120646520696d706c656d656e7461726c61732073696e206166656374617220656c2070726f6365736f2070726f6475637469766f2079206c612068696769656e65207175652073652064656265206d616e74656e657220656e206c612070726f6475636369c3b36e20646520616c696d656e746f732e, '', '', '', '', '', '', '', '', '', '', '', '', 0x536520747261746120646520656c61626f72617220756e2070726f746f636f6c6f2074656d706f72616c206d69656e74726173206c61732061646563756163696f6e6573206465206c6173206375616c657320657374c3a1207369656e646f206f626a65746f20656c206e65676f63696f2c2079206173696d69736d6f2c2073656e746172206c6173206261736573207061726120656c2070726f746f636f6c6f20646566696e697469766f2064652068696769656e652079206d616e6970756c616369c3b36e20646520616c696d656e746f7320647572616e746520656c2070726f6365736f2e),
(42, 2, 103, 0x5072656369736172206c61206d616e65726120656e207175652073652064657465726d696e61206c6173206665636861732064652076656e63696d69656e746f206465206361646120756e6f206465207375732070726f647563746f73207920737573206469666572656e746573207361626f7265732e, 0x555443480d0a494e56494d41, 0x45737461626c65636572206c61206d61796f722063616e74696461642064652064c3ad617320636f6d6f207669646120c3ba74696c206465206c6f73206469666572656e7465732070726f647563746f732c2074656e69656e646f20656e6375656e74612071756520756e6f2064652073757320617472696275746f7320657320736572206e61747572616c2e, '', '', '', '', '', '', '', '', '', '', '', '', 0x536520726571756965726520756e207469656d706f20646520616ec3a16c697369732074656e69656e646f20656e206375656e7461206c6f7320696e6772656469656e74657320696e766f6c75637261646f7320656e20656c2070726f6365736f2e),
(43, 2, 104, 0x5072656369736172206c61206d616e65726120656e207175652073652064657465726d696e61206c6173206665636861732064652076656e63696d69656e746f206465206361646120756e6f206465207375732070726f647563746f73207920737573206469666572656e746573207361626f7265732e, 0x555443480d0a434f444543484f434f0d0a4c6120656d70726573617269612e, 0x526576697369c3b36e206465206c61732061646563756163696f6e6573206120686163657273652079206c6120666f726d6120646520696d706c656d656e7461726c61732073696e206166656374617220656c2070726f6365736f2070726f6475637469766f2079206c612068696769656e65207175652073652064656265206d616e74656e657220656e206c612070726f6475636369c3b36e20646520616c696d656e746f732e, '', '', '', '', '', '', '', '', '', '', '', '', 0x536520747261746120646520656c61626f72617220756e2070726f746f636f6c6f2074656d706f72616c206d69656e74726173206c61732061646563756163696f6e6573206465206c6173206375616c657320657374c3a1207369656e646f206f626a65746f20656c206e65676f63696f2c2079206173696d69736d6f2c2073656e746172206c6173206261736573207061726120656c2070726f746f636f6c6f20646566696e697469766f2064652068696769656e652079206d616e6970756c616369c3b36e20646520616c696d656e746f7320647572616e746520656c2070726f6365736f2e),
(44, 2, 107, 0x566572206c6f2070726f70756573746f20656e20656c2070756e746f20312c39, '', '', '', '', '', '', '', '', '', '', '', '', '', '', ''),
(45, 2, 110, 0x53652064656265206578706c6f726172206c6120706f736962696c696461642064652063616d6269617220656c20656d706171756520706f72206f74726f7320717565207574696c6963656e206d6174657269616c65732072656e6f7661626c65732079206dc3a17320616d696761626c657320636f6e20656c206d6564696f20616d6269656e74652e, 0x555443480d0a42494f494e4e4f56410d0a434f444543484f43c3930d0a4c6120656d70726573617269612e, 0x54656e657220756e20656d70617175652070617261207375732070726f647563746f73206dc3a17320616d696761626c657320636f6e20656c206d6564696f20616d6269656e74652e, '', '', '', '', '', '', '', '', '', '', '', '', 0x4576616c75617220706f7369626c6573206d6174657269616c65732079207469706f7320646520656d70617175652c207365207265717569657265207061726120656c6c6f2074656e657220636c617261206c61206573747275637475726120646520636f73746f206465206c61206f706572616369c3b36e2064656c206e65676f63696f2c206173c3ad20636f6d6f206576616c756172206c6120706f736962696c696461642064652065737461626c6563657220726564657320636f6e206f74726f7320656d7072656e6465646f7265732064656c20646570617274616d656e746f207175652072657175696572616e20656d7061717565732073696d696c617265732c2070617261207265647563697220636f73746f7320706f7220766f6c756d656e2c206461646f207175652067656e6572616c6d656e7465206573746520657320756e6f206465206c6f73206173706563746f7320717565206672656e6120686163657220656c2063616d62696f2064656c20706cc3a1737469636f2e),
(46, 2, 111, 0x53652073756769657265206c6c6576617220726567697374726f73206d656e7375616c657320646520636f6e73756d6f206465206c757a2c207061726120706f6465722065737461626c6563657220736920686179206e756576617320616363696f6e657320717565207065726d6974616e207265647563697220737520636f6e73756d6f2e, 0x4c6120656d7072657361, 0x4c6c6576617220726567697374726f73207920646f63756d656e74617220616363696f6e65732070617261206d696e696d697a617220656c20636f6e73756d6f2e, '', '', '', '', '', '', '', '', '', '', '', '', 0x536520706c616e74656120706f6465726c6f207265616c697a6172206465206d616e65726120686162697475616c2c206465206163756572646f20636f6e206c61206c6c65676164612064656c2072656369626f2e),
(47, 2, 113, 0x4c617320616363696f6e65732061206573746520726573706563746f20657374616e2072656c6163696f6e6164617320636f6e206c6f20796120616e6f7461646f20656e206c6f732070756e746f7320312c31343b20312c31353b207920313b3231, '', '', '', '', '', '', '', '', '', '', '', '', '', '', ''),
(48, 2, 114, 0x4c617320616363696f6e65732061206573746520726573706563746f20657374616e2072656c6163696f6e6164617320636f6e206c6f20796120616e6f7461646f20656e206c6f732070756e746f7320312c31343b20312c31353b207920313b3231, '', '', '', '', '', '', '', '', '', '', '', '', '', '', ''),
(49, 2, 115, '', '', '', '', '', '', '', '', '', '', '', '', '', '', '', ''),
(50, 2, 117, 0x536520706c616e74656120646f63756d656e746172206c6f73206469666572656e7465732070726f746f636f6c6f732064652075736f20646520656c656d656e746f732064652070726f7465636369c3b36e2c206173c3ad20636f6d6f2070726f746f636f6c6f20656e206361736f20646520756e6120656d657267656e6369612e0d0a5365207265636f6d69656e646120656e20656c20706c616e206465206e65676f63696f2071756520736520656c61626f72652c2074656e657220656e206375656e746120656e20656c20616ec3a16c697369732066696e616e636965726f20636f6e74617220636f6e20656c20706572736f6e616c20636f6e7472617461646f20636f6e207061676f2064652070726573746163696f6e657320736f6369616c65732079206166696c69616369c3b36e2064652041524c, 0x555443480d0a53454e410d0a4c6120656d7072657361726961, 0x506f7220756e6120706172746520636f6e74617220636f6e20756e2070726f746f636f6c6f206465206d616e656a6f20646520656d657267656e6369617320792064652075736f20646520656c656d656e746f732064652070726f7465636369c3b36e2c2079206465206f74726120616e616c697a617220636f6d6f2063726563657220656c206e65676f63696f20656e206375616e746f20612070726f6475636369c3b36e207920636c69656e7465732c207065726f2074616d6269c3a96e2070617261206d656a6f72617220636f6e646963696f6e657320646520636f6e74726174616369c3b36e206465206c617320636f6c61626f7261646f7261732061637475616c65732e, '', '', '', '', '', '', '', '', '', '', '', '', 0x54656e69656e646f20656e206375656e7461206c61206f7267616e697a616369c3b36e2061646d696e69737472617469766120792066696e616e6369657261207175652073652072657175696572652068616365722064656c206e65676f63696f2c20736520646120756e207469656d706f2064652073656973206d657365732c20656e206c61206d656469646120656e20717565207365206176616e636520656e206f74726f73206173706563746f732e),
(51, 2, 119, 0x5365207265636f6d69656e646120656e20656c20706c616e206465206e65676f63696f2071756520736520656c61626f72652c2074656e657220656e206375656e746120656e20656c20616ec3a16c697369732066696e616e636965726f20636f6e74617220636f6e20656c20706572736f6e616c20636f6e7472617461646f20636f6e207061676f2064652070726573746163696f6e657320736f6369616c65732079206166696c69616369c3b36e2064652041524c, 0x555443480d0a53454e410d0a4c6120656d7072657361726961, 0x416e616c697a617220636f6d6f2063726563657220656c206e65676f63696f20656e206375616e746f20612070726f6475636369c3b36e207920636c69656e7465732c207065726f2074616d6269c3a96e2070617261206d656a6f72617220636f6e646963696f6e657320646520636f6e74726174616369c3b36e206465206c617320636f6c61626f7261646f7261732061637475616c65732e, '', '', '', '', '', '', '', '', '', '', '', '', 0x4465206c61206d616e6f206465206f74726f73206173706563746f732061646d696e69737472617469766f732c20636f6e7461626c657320792066696e616e636965726f7320717565207365207265717569657265206174656e6465722c2064617220756e207469656d706f207061726120616e616c697a617220656e2074c3a9726d696e6f73206f7267616e697a6163696f6e616c657320636f6d6f20736520707565646520686163657220636f6e747261746163696f6e6573206dc3a17320696e646566696e696461732e),
(52, 2, 120, 0x456e206c61206d6564696461207175652073652070756564616e2065737461626c6563657220756e6f7320696e64696361646f72657320646520696d706163746f20616c20646f63756d656e746172206c6f7320696d706163746f7320616d6269656e74616c6573207920736f6369616c657320706f73697469766f732064652070726f647563746f7265732061206c6f73206375616c657320636f6d707261206c6173206469666572656e74657320667275746173206e6174697661732c206173c3ad20636f6d6f2074616d6269656e20656c206465736172726f6c6c6f206465206f74726f20656d7072656e64696d69656e746f206120706172746972206465206c6f73207265736964756f73206f7267c3a16e69636f73207175652073652067656e6572616e2c20736520706f6472c3a120726573616c746172206573746f732062656e65666963696f7320636f6d6f207061727465206465206c6f732070726f647563746f73207175652070726f6475636520426f63616469746f7320446fc3b1612042657474792e, 0x555443480d0a53454e410d0a434f444543484f43c3930d0a4c6120656d7072657361726961, 0x4465737461636172206c6f7320617472696275746f7320736f6369616c6573207920616d6269656e74616c65732064656c2070726f647563746f2e, '', '', '', '', '', '', '', '', '', '', '', '', 0x456c206176616e636520656e20657374652073656e7469646f20646570656e6465206465206176616e7a617220656e206f74726f732070756e746f732079612070726f70756573746f732c20706f72206c6f2071756520736520616e6f7461206465737075657320646520756e6f73206d6573657320656e207175652073652068617961206c6f677261646f2074726162616a6172206c6f73206f74726f732074656d61732e),
(53, 2, 122, '', '', '', '', '', '', '', '', '', '', '', '', '', '', '', ''),
(54, 2, 125, 0x566572206c6f20706c616e746561646f20656e20656c2070756e746f20312c3336207920312c3338, '', '', '', '', '', '', '', '', '', '', '', '', '', '', ''),
(55, 2, 127, 0x50656e73617220656e20617369676e617220756e206ec3ba6d65726f2074656c6566c3b36e69636f20706172612072656369626972206f62736572766163696f6e65732c207375676572656e6369617320792f6f207175656a617320706f7220706172746520646520636f6e73756d69646f72657320616c20706f72206d61796f72206f20616c20706f72206d656e6f722e, 0x555443480d0a4c6120456d7072657361726961, 0x4120706172746972206465206c6f20636f6f7264696e61646f20636f6e206c6120555443482c206179756461722061206c6c6576617220756e20636f6e74726f6c20736f627265206c6f73206173706563746f73207175652070756564616e206d656e63696f6e6172206c6f7320636f6e73756d69646f72657320792071756520726573756c746172616e20696d706f7274616e746573207061726120756e2070726f6365736f206465206d656a6f72616d69656e746f2064652070726f647563746f2c206f2064652063616e616c65732064652064697374726962756369c3b36e2e, '', '', '', '', '', '', '', '', '', '', '', '', 0x5365207472617461206465206d616e74656e657220756e2063616e616c20646520636f6d756e6963616369c3b36e20656665637469766f20636f6e20636f6e73756d69646f72657320616c20706f72206d61796f72207920616c20706f72206d656e6f722c2079206179756461722061207574696c697a61722065736120696e666f726d616369c3b36e20656e2070726f20646520756e206d656a6f72616d69656e746f20636f6e74696e756f2064656c206e65676f63696f2e),
(56, 2, 129, '', '', '', '', '', '', '', '', '', '', '', '', '', '', '', ''),
(57, 2, 130, '', '', '', '', '', '', '', '', '', '', '', '', '', '', '', ''),
(58, 2, 133, '', '', '', '', '', '', '', '', '', '', '', '', '', '', '', ''),
(59, 2, 134, '', '', '', '', '', '', '', '', '', '', '', '', '', '', '', ''),
(60, 2, 135, '', '', '', '', '', '', '', '', '', '', '', '', '', '', '', ''),
(61, 2, 136, 0x566572206c6f20706c616e746561646f20656e20656c2070756e746f20312c33362020312c333820207920312c34312064652074616c206d616e657261207175652073652070756564616e2074656e657220656c656d656e746f73206573656e6369616c657320656e206c6120636f6d756e6963616369c3b36e206465206d616e6572612061646963696f6e616c20616c20636f6d706f6e656e74652063756c747572616c207920736f6369616c20717565207469656e65206573746520656d7072656e64696d69656e746f2e, 0x555443480d0a53454e410d0a434f444543484f43c3930d0a4c6120456d7072657361726961, 0x4170726f766563686172206c6f732062656e65666963696f7320736f6369616c65732c2063756c747572616c6573207920616d6269656e74616c65732064656c2070726f647563746f207061726120756e6120636f6d756e6963616369c3b36e206dc3a1732065666563746976612e, '', '', '', '', '', '', '', '', '', '', '', '', 0x536520646562652074726162616a617220656e206c6120656c61626f72616369c3b36e20646520696e64696361646f72657320646520696d706163746f207175652070756564616e206661766f7265636572206c6120636f6d756e6963616369c3b36e2e),
(71, 4, 74, 0x686766, 0x6b6a68676b6a68, 0x6a68676a68, 'x', 'x', 'x', 'x', '', '', '', '', '', '', '', 'x', 0x696b7574797569),
(72, 4, 75, 0x6b75696a7974676975, 0x6975796769, 0x6f6975, '', 'x', 'x', 'x', 'x', '', '', '', '', '', '', '', ''),
(73, 4, 76, '', '', '', '', '', '', '', '', '', '', '', '', '', '', '', ''),
(74, 4, 77, '', '', '', '', '', '', '', '', '', '', '', '', '', '', '', ''),
(75, 4, 78, '', '', '', '', '', '', '', '', '', '', '', '', '', '', '', ''),
(76, 4, 80, '', '', '', '', '', '', '', '', '', '', '', '', '', '', '', ''),
(77, 4, 81, '', '', '', '', '', '', '', '', '', '', '', '', '', '', '', ''),
(78, 4, 83, '', '', '', '', '', '', '', '', '', '', '', '', '', '', '', ''),
(79, 4, 85, '', '', '', '', '', '', '', '', '', '', '', '', '', '', '', ''),
(80, 4, 86, 0x66676467687466, 0x68676664686a67, 0x6768666a, 'x', 'x', 'x', 'x', 'x', '', '', '', '', '', '', '', ''),
(81, 4, 88, '', '', '', '', '', '', '', '', '', '', '', '', '', '', '', '');

-- --------------------------------------------------------

--
-- Table structure for table `programa`
--
-- Creation: Aug 02, 2019 at 03:27 PM
--

CREATE TABLE IF NOT EXISTS `programa` (
  `id` int(11) NOT NULL AUTO_INCREMENT,
  `empresa_id` int(11) NOT NULL,
  `opciones_id` int(11) NOT NULL,
  `descripcion` varchar(50) COLLATE utf8_bin NOT NULL,
  `confirmacion` varchar(10) COLLATE utf8_bin NOT NULL,
  PRIMARY KEY (`id`),
  KEY `empresa_id` (`empresa_id`),
  KEY `opciones_id` (`opciones_id`)
) ENGINE=InnoDB  DEFAULT CHARSET=utf8 COLLATE=utf8_bin AUTO_INCREMENT=13 ;

--
-- Dumping data for table `programa`
--

INSERT INTO `programa` (`id`, `empresa_id`, `opciones_id`, `descripcion`, `confirmacion`) VALUES
(1, 1, 57, '', 'no'),
(2, 1, 58, '', 'no'),
(3, 1, 59, '', 'no'),
(4, 1, 60, '', 'no'),
(5, 2, 57, '', 'no'),
(6, 2, 58, '', 'no'),
(7, 2, 59, '', 'no'),
(8, 2, 60, '', 'no'),
(9, 4, 57, '', 'si'),
(10, 4, 58, '', 'si'),
(11, 4, 59, '', 'no'),
(12, 4, 60, '', 'no');

-- --------------------------------------------------------

--
-- Table structure for table `rango_edad`
--
-- Creation: Aug 02, 2019 at 03:27 PM
--

CREATE TABLE IF NOT EXISTS `rango_edad` (
  `id` int(11) NOT NULL AUTO_INCREMENT,
  `nombre` varchar(20) COLLATE utf8_bin NOT NULL,
  PRIMARY KEY (`id`)
) ENGINE=InnoDB  DEFAULT CHARSET=utf8 COLLATE=utf8_bin COMMENT='rangos de edad' AUTO_INCREMENT=4 ;

--
-- Dumping data for table `rango_edad`
--

INSERT INTO `rango_edad` (`id`, `nombre`) VALUES
(1, 'Entre 18-30'),
(2, 'Entre 30-50'),
(3, 'Mayores 50');

-- --------------------------------------------------------

--
-- Table structure for table `recurso`
--
-- Creation: Aug 02, 2019 at 03:27 PM
--

CREATE TABLE IF NOT EXISTS `recurso` (
  `id` int(11) NOT NULL AUTO_INCREMENT,
  `nombre` varchar(50) COLLATE utf8_bin NOT NULL,
  PRIMARY KEY (`id`)
) ENGINE=InnoDB  DEFAULT CHARSET=utf8 COLLATE=utf8_bin AUTO_INCREMENT=3 ;

--
-- Dumping data for table `recurso`
--

INSERT INTO `recurso` (`id`, `nombre`) VALUES
(1, 'Lo realizó con recursos propios'),
(2, 'Gestionó los recursos ante otra entidad');

-- --------------------------------------------------------

--
-- Table structure for table `region`
--
-- Creation: Aug 02, 2019 at 03:27 PM
--

CREATE TABLE IF NOT EXISTS `region` (
  `id` int(11) NOT NULL AUTO_INCREMENT,
  `pais_id` int(11) NOT NULL,
  `nombre` varchar(30) COLLATE utf8_bin NOT NULL,
  PRIMARY KEY (`id`),
  KEY `pais_id` (`pais_id`)
) ENGINE=InnoDB  DEFAULT CHARSET=utf8 COLLATE=utf8_bin AUTO_INCREMENT=4 ;

--
-- Dumping data for table `region`
--

INSERT INTO `region` (`id`, `pais_id`, `nombre`) VALUES
(3, 1, 'Pacifica');

-- --------------------------------------------------------

--
-- Table structure for table `registro`
--
-- Creation: Aug 02, 2019 at 03:27 PM
--

CREATE TABLE IF NOT EXISTS `registro` (
  `id` int(11) NOT NULL AUTO_INCREMENT,
  `empresa_id` int(11) NOT NULL,
  `opciones_id` int(11) NOT NULL,
  `aplica_noaplica_id` int(11) NOT NULL,
  `cumple_nocumple_id` int(11) NOT NULL,
  `vigencia` varchar(20) COLLATE utf8_bin NOT NULL,
  `observacion` varchar(40) COLLATE utf8_bin NOT NULL,
  PRIMARY KEY (`id`),
  KEY `empresa_id` (`empresa_id`),
  KEY `opciones_id` (`opciones_id`),
  KEY `aplica_noaplica_id` (`aplica_noaplica_id`),
  KEY `cumple_nocumple_id` (`cumple_nocumple_id`)
) ENGINE=InnoDB  DEFAULT CHARSET=utf8 COLLATE=utf8_bin AUTO_INCREMENT=13 ;

--
-- Dumping data for table `registro`
--

INSERT INTO `registro` (`id`, `empresa_id`, `opciones_id`, `aplica_noaplica_id`, `cumple_nocumple_id`, `vigencia`, `observacion`) VALUES
(1, 1, 18, 1, 2, '', 'en el momento se encuentra en proceso de'),
(2, 1, 19, 2, 2, '', ''),
(3, 1, 20, 2, 2, '', ''),
(4, 1, 21, 2, 2, '', ''),
(5, 2, 18, 1, 2, '', 'Se encuentra en proceso dado que se está'),
(6, 2, 19, 2, 2, '', ''),
(7, 2, 20, 2, 2, '', ''),
(8, 2, 21, 2, 2, '', ''),
(9, 4, 18, 1, 2, '', ''),
(10, 4, 19, 1, 1, '', ''),
(11, 4, 20, 1, 2, '', ''),
(12, 4, 21, 2, 1, '23-07-2018', '');

-- --------------------------------------------------------

--
-- Table structure for table `rol`
--
-- Creation: Aug 02, 2019 at 03:27 PM
--

CREATE TABLE IF NOT EXISTS `rol` (
  `id` int(11) NOT NULL AUTO_INCREMENT,
  `nombre` varchar(100) COLLATE utf8_bin NOT NULL,
  PRIMARY KEY (`id`)
) ENGINE=InnoDB  DEFAULT CHARSET=utf8 COLLATE=utf8_bin AUTO_INCREMENT=5 ;

--
-- Dumping data for table `rol`
--

INSERT INTO `rol` (`id`, `nombre`) VALUES
(1, 'Administrador de contenido'),
(2, 'Verificador'),
(3, 'Administrador verificador'),
(4, 'Representante legal');

-- --------------------------------------------------------

--
-- Table structure for table `sector`
--
-- Creation: Aug 02, 2019 at 03:27 PM
--

CREATE TABLE IF NOT EXISTS `sector` (
  `id` int(11) NOT NULL AUTO_INCREMENT,
  `categoria_id` int(11) NOT NULL,
  `nombre` varchar(100) COLLATE utf8_bin NOT NULL,
  PRIMARY KEY (`id`),
  KEY `categoria_id` (`categoria_id`)
) ENGINE=InnoDB  DEFAULT CHARSET=utf8 COLLATE=utf8_bin AUTO_INCREMENT=9 ;

--
-- Dumping data for table `sector`
--

INSERT INTO `sector` (`id`, `categoria_id`, `nombre`) VALUES
(1, 1, 'Biocomercio'),
(2, 1, 'Agrosistemas Sostenibles'),
(3, 2, 'Aprovechamiento y valoración de residuos'),
(4, 2, 'Fuentes no convencionales de energía renovableFuentes no convencionales de energía renovable'),
(5, 2, 'Construcción Sostenible '),
(6, 2, 'Otros bienes y Productos Verdes Sostenibles '),
(7, 3, 'Mercado Regulado'),
(8, 3, 'Mercado Voluntario');

-- --------------------------------------------------------

--
-- Table structure for table `sexo`
--
-- Creation: Aug 02, 2019 at 03:27 PM
--

CREATE TABLE IF NOT EXISTS `sexo` (
  `id` int(11) NOT NULL AUTO_INCREMENT,
  `nombre` varchar(30) COLLATE utf8_bin NOT NULL,
  PRIMARY KEY (`id`)
) ENGINE=InnoDB  DEFAULT CHARSET=utf8 COLLATE=utf8_bin AUTO_INCREMENT=3 ;

--
-- Dumping data for table `sexo`
--

INSERT INTO `sexo` (`id`, `nombre`) VALUES
(1, 'Masculino'),
(2, 'Femenino');

-- --------------------------------------------------------

--
-- Table structure for table `si_no`
--
-- Creation: Aug 02, 2019 at 03:27 PM
--

CREATE TABLE IF NOT EXISTS `si_no` (
  `id` int(11) NOT NULL AUTO_INCREMENT,
  `nombre` varchar(5) COLLATE utf8_bin NOT NULL,
  PRIMARY KEY (`id`)
) ENGINE=InnoDB  DEFAULT CHARSET=utf8 COLLATE=utf8_bin AUTO_INCREMENT=3 ;

--
-- Dumping data for table `si_no`
--

INSERT INTO `si_no` (`id`, `nombre`) VALUES
(1, 'Si'),
(2, 'No');

-- --------------------------------------------------------

--
-- Table structure for table `slide`
--
-- Creation: Aug 02, 2019 at 03:27 PM
--

CREATE TABLE IF NOT EXISTS `slide` (
  `id` int(11) NOT NULL AUTO_INCREMENT,
  `titulo` varchar(100) COLLATE utf8_bin NOT NULL,
  `descripcion` varchar(200) COLLATE utf8_bin NOT NULL,
  `id_img_page` int(11) NOT NULL,
  PRIMARY KEY (`id`),
  KEY `id_img_page` (`id_img_page`)
) ENGINE=InnoDB  DEFAULT CHARSET=utf8 COLLATE=utf8_bin AUTO_INCREMENT=6 ;

--
-- Dumping data for table `slide`
--

INSERT INTO `slide` (`id`, `titulo`, `descripcion`, `id_img_page`) VALUES
(4, '', '', 22),
(5, '', '', 21);

-- --------------------------------------------------------

--
-- Table structure for table `sost_economica`
--
-- Creation: Aug 02, 2019 at 03:27 PM
--

CREATE TABLE IF NOT EXISTS `sost_economica` (
  `id` int(11) NOT NULL AUTO_INCREMENT,
  `empresa_id` int(11) NOT NULL,
  `bien_servicio` varchar(100) COLLATE utf8_bin NOT NULL,
  `vendida_anual` double NOT NULL,
  `unidad_medida_id` int(11) NOT NULL,
  `costo_produccion` double NOT NULL,
  `precio_v_unitario` double NOT NULL,
  `ganancia_unidad` double NOT NULL,
  `ventas_anual` double NOT NULL,
  `si_no_id` int(11) NOT NULL COMMENT 'ingresos superior al costo? ',
  PRIMARY KEY (`id`),
  KEY `si_no_id` (`si_no_id`),
  KEY `unidad_medida_id` (`unidad_medida_id`),
  KEY `empresa_id` (`empresa_id`)
) ENGINE=InnoDB  DEFAULT CHARSET=utf8 COLLATE=utf8_bin AUTO_INCREMENT=14 ;

--
-- Dumping data for table `sost_economica`
--

INSERT INTO `sost_economica` (`id`, `empresa_id`, `bien_servicio`, `vendida_anual`, `unidad_medida_id`, `costo_produccion`, `precio_v_unitario`, `ganancia_unidad`, `ventas_anual`, `si_no_id`) VALUES
(1, 1, 'Crema de aloe vera', 0, 1, 0, 0, 0, 0, 1),
(2, 1, 'Crema de Cacao y Cebo de Cordero', 0, 1, 0, 0, 0, 0, 1),
(3, 1, 'Crema de Cascara de Banano', 0, 1, 0, 0, 0, 0, 1),
(4, 1, 'Extracto de Suelda con Suelda', 0, 1, 0, 0, 0, 0, 1),
(5, 1, 'Extracto de Limoncillo', 0, 1, 0, 0, 0, 0, 1),
(6, 1, 'La Moringa y sus derivados', 0, 1, 0, 0, 0, 0, 1),
(7, 2, 'Cocadas de diferentes sabores', 9720, 2, 3000, 4500, 1500, 43740000, 1),
(8, 2, 'Galletas de diferentes sabores', 0, 1, 0, 0, 0, 0, 1),
(9, 2, 'Enyucados', 0, 1, 0, 0, 0, 0, 1),
(10, 2, 'Cocadas y Galletas de diferentes sabores', 0, 1, 0, 0, 0, 0, 1),
(11, 4, 'CAFÉ', 100, 1, 10000000, 20000000, 10000000, 2000000000, 1),
(12, 4, 'FRUTAS', 300, 1, 100, 200, 100, 60000, 1),
(13, 4, 'cacao', 0, 1, 0, 0, 0, 0, 1);

-- --------------------------------------------------------

--
-- Table structure for table `subsector`
--
-- Creation: Aug 02, 2019 at 03:27 PM
--

CREATE TABLE IF NOT EXISTS `subsector` (
  `id` int(11) NOT NULL AUTO_INCREMENT,
  `sector_id` int(11) NOT NULL,
  `nombre` varchar(100) COLLATE utf8_bin NOT NULL,
  PRIMARY KEY (`id`),
  KEY `sector_id` (`sector_id`)
) ENGINE=InnoDB  DEFAULT CHARSET=utf8 COLLATE=utf8_bin AUTO_INCREMENT=18 ;

--
-- Dumping data for table `subsector`
--

INSERT INTO `subsector` (`id`, `sector_id`, `nombre`) VALUES
(1, 1, 'Maderables '),
(2, 1, 'No maderables'),
(3, 1, 'Productos derivados de fauna silvestre'),
(4, 1, 'Turismo de naturaleza/Ecoturismo'),
(5, 1, 'Recursos genéticos y productos derivados'),
(6, 2, 'Sistemas de producción ecológico, biológico, orgánico '),
(7, 3, 'Aprovechamiento y valoración de Residuos '),
(8, 4, 'Energía Solar'),
(9, 4, 'Energía Eólica'),
(10, 4, 'Energía Geotérmica'),
(11, 4, 'Biomasa'),
(12, 4, 'Energía de los Mares'),
(13, 4, 'Pequeños aprovechamientos hidroeléctricos'),
(14, 5, 'Construcción Sostenible '),
(15, 6, 'Otros bienes y Productos Verdes Sostenibles'),
(16, 7, 'Mercado Regulado'),
(17, 8, 'Mercado Voluntario');

-- --------------------------------------------------------

--
-- Table structure for table `tamaño_empresa`
--
-- Creation: Aug 02, 2019 at 03:27 PM
--

CREATE TABLE IF NOT EXISTS `tamaño_empresa` (
  `id` int(11) NOT NULL AUTO_INCREMENT,
  `nombre` varchar(30) COLLATE utf8_bin NOT NULL,
  PRIMARY KEY (`id`)
) ENGINE=InnoDB  DEFAULT CHARSET=utf8 COLLATE=utf8_bin AUTO_INCREMENT=5 ;

--
-- Dumping data for table `tamaño_empresa`
--

INSERT INTO `tamaño_empresa` (`id`, `nombre`) VALUES
(2, 'Micro empresa'),
(3, 'Pequeña empresa'),
(4, 'Mediana empresa');

-- --------------------------------------------------------

--
-- Table structure for table `tenencia_tierra`
--
-- Creation: Aug 02, 2019 at 03:27 PM
--

CREATE TABLE IF NOT EXISTS `tenencia_tierra` (
  `id` int(11) NOT NULL AUTO_INCREMENT,
  `empresa_id` int(11) NOT NULL,
  `opciones_id` int(11) NOT NULL,
  `descripcion` varchar(40) COLLATE utf8_bin NOT NULL,
  `confirmacion` varchar(10) COLLATE utf8_bin NOT NULL,
  PRIMARY KEY (`id`),
  KEY `empresa_id` (`empresa_id`),
  KEY `opciones_id` (`opciones_id`)
) ENGINE=InnoDB  DEFAULT CHARSET=utf8 COLLATE=utf8_bin AUTO_INCREMENT=19 ;

--
-- Dumping data for table `tenencia_tierra`
--

INSERT INTO `tenencia_tierra` (`id`, `empresa_id`, `opciones_id`, `descripcion`, `confirmacion`) VALUES
(1, 1, 14, 'Tierras pertenecientes al Padre de la Se', 'si'),
(2, 1, 12, '', 'no'),
(3, 1, 13, '', 'no'),
(4, 1, 15, '', 'no'),
(5, 1, 16, '', 'no'),
(6, 1, 17, '', 'no'),
(7, 2, 12, 'Presentó escritura pública', 'si'),
(8, 2, 13, '', 'no'),
(9, 2, 14, '', 'no'),
(10, 2, 15, '', 'no'),
(11, 2, 16, '', 'no'),
(12, 2, 17, '', 'no'),
(13, 4, 12, '', 'si'),
(14, 4, 13, '', 'no'),
(15, 4, 14, '', 'no'),
(16, 4, 15, '', 'no'),
(17, 4, 16, '', 'no'),
(18, 4, 17, '', 'no');

-- --------------------------------------------------------

--
-- Table structure for table `tipo_identificacion`
--
-- Creation: Aug 02, 2019 at 03:27 PM
--

CREATE TABLE IF NOT EXISTS `tipo_identificacion` (
  `id` int(11) NOT NULL AUTO_INCREMENT,
  `nombre` varchar(10) COLLATE utf8_bin NOT NULL,
  PRIMARY KEY (`id`)
) ENGINE=InnoDB  DEFAULT CHARSET=utf8 COLLATE=utf8_bin AUTO_INCREMENT=5 ;

--
-- Dumping data for table `tipo_identificacion`
--

INSERT INTO `tipo_identificacion` (`id`, `nombre`) VALUES
(1, 'CC'),
(2, 'TI'),
(3, 'RC'),
(4, 'NIT');

-- --------------------------------------------------------

--
-- Table structure for table `tipo_persona`
--
-- Creation: Aug 02, 2019 at 03:27 PM
--

CREATE TABLE IF NOT EXISTS `tipo_persona` (
  `id` int(11) NOT NULL AUTO_INCREMENT,
  `nombre` varchar(20) COLLATE utf8_bin NOT NULL,
  PRIMARY KEY (`id`)
) ENGINE=InnoDB  DEFAULT CHARSET=utf8 COLLATE=utf8_bin AUTO_INCREMENT=3 ;

--
-- Dumping data for table `tipo_persona`
--

INSERT INTO `tipo_persona` (`id`, `nombre`) VALUES
(1, 'Natural'),
(2, 'Juridica');

-- --------------------------------------------------------

--
-- Table structure for table `tipo_vinculacion`
--
-- Creation: Aug 02, 2019 at 03:27 PM
--

CREATE TABLE IF NOT EXISTS `tipo_vinculacion` (
  `id` int(11) NOT NULL AUTO_INCREMENT,
  `nombre` varchar(60) COLLATE utf8_bin NOT NULL,
  PRIMARY KEY (`id`)
) ENGINE=InnoDB  DEFAULT CHARSET=utf8 COLLATE=utf8_bin COMMENT='tipo de vinculacion' AUTO_INCREMENT=4 ;

--
-- Dumping data for table `tipo_vinculacion`
--

INSERT INTO `tipo_vinculacion` (`id`, `nombre`) VALUES
(1, 'Nº de empleos indefinidos'),
(2, 'Nº de empleos a termino definido'),
(3, 'Nº de empleos x días (jornales) promedio en el año');

-- --------------------------------------------------------

--
-- Table structure for table `total_ventas`
--
-- Creation: Aug 02, 2019 at 03:27 PM
--

CREATE TABLE IF NOT EXISTS `total_ventas` (
  `id` int(11) NOT NULL AUTO_INCREMENT,
  `empresa_id` int(11) NOT NULL,
  `valor` double NOT NULL,
  `anio` int(11) NOT NULL,
  PRIMARY KEY (`id`),
  KEY `empresa_id` (`empresa_id`)
) ENGINE=InnoDB  DEFAULT CHARSET=utf8 COLLATE=utf8_bin AUTO_INCREMENT=4 ;

--
-- Dumping data for table `total_ventas`
--

INSERT INTO `total_ventas` (`id`, `empresa_id`, `valor`, `anio`) VALUES
(1, 1, 0, 0),
(2, 2, 0, 0),
(3, 4, 2000060000, 0);

-- --------------------------------------------------------

--
-- Table structure for table `unidad_medida`
--
-- Creation: Aug 02, 2019 at 03:27 PM
--

CREATE TABLE IF NOT EXISTS `unidad_medida` (
  `id` int(11) NOT NULL AUTO_INCREMENT,
  `nombre` varchar(30) COLLATE utf8_bin NOT NULL,
  PRIMARY KEY (`id`)
) ENGINE=InnoDB  DEFAULT CHARSET=utf8 COLLATE=utf8_bin AUTO_INCREMENT=6 ;

--
-- Dumping data for table `unidad_medida`
--

INSERT INTO `unidad_medida` (`id`, `nombre`) VALUES
(1, 'Kg'),
(2, 'Lb'),
(3, 'Unidad'),
(4, 'Ltrs'),
(5, 'Otros');

-- --------------------------------------------------------

--
-- Table structure for table `usuarios`
--
-- Creation: Aug 16, 2019 at 10:50 PM
--

CREATE TABLE IF NOT EXISTS `usuarios` (
  `id` int(11) NOT NULL AUTO_INCREMENT,
  `persona_id` int(11) NOT NULL,
  `contrasena` varchar(200) NOT NULL,
  `rol_id` int(11) NOT NULL,
  `fecha_registro` timestamp NOT NULL DEFAULT CURRENT_TIMESTAMP,
  `estado` int(11) DEFAULT NULL,
  PRIMARY KEY (`id`)
) ENGINE=InnoDB DEFAULT CHARSET=utf8 COMMENT='almacena los usuarios asociados a la tabla persona' AUTO_INCREMENT=1 ;

-- --------------------------------------------------------

--
-- Table structure for table `verificador`
--
-- Creation: Aug 02, 2019 at 03:27 PM
--

CREATE TABLE IF NOT EXISTS `verificador` (
  `id` int(11) NOT NULL AUTO_INCREMENT,
  `empresa_id` int(11) NOT NULL,
  `nombre` varchar(150) COLLATE utf8_bin NOT NULL,
  `entidad` varchar(80) COLLATE utf8_bin NOT NULL,
  `area` varchar(80) COLLATE utf8_bin NOT NULL,
  `cargo` varchar(80) COLLATE utf8_bin NOT NULL,
  PRIMARY KEY (`id`),
  KEY `empresa_id` (`empresa_id`)
) ENGINE=InnoDB  DEFAULT CHARSET=utf8 COLLATE=utf8_bin COMMENT='la persona que hizo el trabajo de campo ' AUTO_INCREMENT=4 ;

--
-- Dumping data for table `verificador`
--

INSERT INTO `verificador` (`id`, `empresa_id`, `nombre`, `entidad`, `area`, `cargo`) VALUES
(1, 1, '', '', '', ''),
(2, 2, 'Sandra Hurtado (MADS-CFBC),  Nory Blondón (CODECHOCÓ),  Luz Yoleine (CODECHOCÓ)', 'MADS-CODECHOCO', 'ONV -MADS y VEV -CODECHOCO', 'Contratistas'),
(3, 4, '', '', '', '');

-- --------------------------------------------------------

--
-- Table structure for table `verificadorxempresa`
--
-- Creation: Aug 02, 2019 at 03:27 PM
--

CREATE TABLE IF NOT EXISTS `verificadorxempresa` (
  `id` int(11) NOT NULL AUTO_INCREMENT,
  `empresa_id` int(11) NOT NULL,
  `persona_id` int(11) NOT NULL,
  `fecha_asignacion` text COLLATE utf8_bin NOT NULL,
  `fecha_retiro` text COLLATE utf8_bin NOT NULL,
  PRIMARY KEY (`id`),
  KEY `empresa_id` (`empresa_id`),
  KEY `persona_id` (`persona_id`)
) ENGINE=InnoDB  DEFAULT CHARSET=utf8 COLLATE=utf8_bin AUTO_INCREMENT=4 ;

--
-- Dumping data for table `verificadorxempresa`
--

INSERT INTO `verificadorxempresa` (`id`, `empresa_id`, `persona_id`, `fecha_asignacion`, `fecha_retiro`) VALUES
(1, 1, 30, 0x323031382d30362d30382032313a31363a3435, ''),
(2, 2, 32, 0x323031382d30362d31342031353a35323a3434, ''),
(3, 4, 36, 0x323031382d30382d30322031303a34323a3331, '');

--
-- Constraints for dumped tables
--

--
-- Constraints for table `actividades`
--
ALTER TABLE `actividades`
  ADD CONSTRAINT `actividades_ibfk_1` FOREIGN KEY (`empresa_id`) REFERENCES `empresa` (`id`),
  ADD CONSTRAINT `actividades_ibfk_2` FOREIGN KEY (`opciones_id`) REFERENCES `opciones` (`id`),
  ADD CONSTRAINT `actividades_ibfk_3` FOREIGN KEY (`recurso_id`) REFERENCES `recurso` (`id`);

--
-- Constraints for table `actividad_empresa`
--
ALTER TABLE `actividad_empresa`
  ADD CONSTRAINT `actividad_empresa_ibfk_2` FOREIGN KEY (`empresa_id`) REFERENCES `empresa` (`id`);

--
-- Constraints for table `archivo_page`
--
ALTER TABLE `archivo_page`
  ADD CONSTRAINT `archivo_page_ibfk_1` FOREIGN KEY (`alias_id`) REFERENCES `alias` (`id`);

--
-- Constraints for table `caracterizacion_demografia_empresa`
--
ALTER TABLE `caracterizacion_demografia_empresa`
  ADD CONSTRAINT `demografia_ibfk_1` FOREIGN KEY (`demografia_id`) REFERENCES `desc_demografia` (`id`),
  ADD CONSTRAINT `demografia_ibfk_2` FOREIGN KEY (`estado`) REFERENCES `si_no` (`id`);

--
-- Constraints for table `caracterizacion_empleado_educativo`
--
ALTER TABLE `caracterizacion_empleado_educativo`
  ADD CONSTRAINT `caracterizacion_empleado_educativo_ibfk_1` FOREIGN KEY (`empresa_id`) REFERENCES `empresa` (`id`),
  ADD CONSTRAINT `caracterizacion_empleado_educativo_ibfk_2` FOREIGN KEY (`nivel_id`) REFERENCES `nivel_educativo` (`id`);

--
-- Constraints for table `caracterizacion_vinculacion_empresa`
--
ALTER TABLE `caracterizacion_vinculacion_empresa`
  ADD CONSTRAINT `caracterizacion_vinculacion_empresa_ibfk_1` FOREIGN KEY (`empresa_id`) REFERENCES `empresa` (`id`),
  ADD CONSTRAINT `caracterizacion_vinculacion_empresa_ibfk_2` FOREIGN KEY (`vinculacion_id`) REFERENCES `tipo_vinculacion` (`id`);

--
-- Constraints for table `certificacion`
--
ALTER TABLE `certificacion`
  ADD CONSTRAINT `certificacion_empresa_id_restrink1` FOREIGN KEY (`empresa_id`) REFERENCES `empresa` (`id`),
  ADD CONSTRAINT `certificacion_etapa_id_restrink1` FOREIGN KEY (`etapa_id`) REFERENCES `etapa` (`id`),
  ADD CONSTRAINT `certificacion_opciones_id_restrink1` FOREIGN KEY (`opciones_id`) REFERENCES `opciones` (`id`);

--
-- Constraints for table `conservacion`
--
ALTER TABLE `conservacion`
  ADD CONSTRAINT `conservacion_ibfk_1` FOREIGN KEY (`empresa_id`) REFERENCES `empresa` (`id`),
  ADD CONSTRAINT `conservacion_ibfk_2` FOREIGN KEY (`opciones_id`) REFERENCES `opciones` (`id`);

--
-- Constraints for table `contenido`
--
ALTER TABLE `contenido`
  ADD CONSTRAINT `fk_alias` FOREIGN KEY (`alias_id`) REFERENCES `alias` (`id`),
  ADD CONSTRAINT `fk_img` FOREIGN KEY (`id_img_page`) REFERENCES `img_page` (`id`);

--
-- Constraints for table `costo_insumos`
--
ALTER TABLE `costo_insumos`
  ADD CONSTRAINT `costo_insumo_restrink1` FOREIGN KEY (`empresa_id`) REFERENCES `empresa` (`id`);

--
-- Constraints for table `costo_mano_obra`
--
ALTER TABLE `costo_mano_obra`
  ADD CONSTRAINT `costo_mano_obra_restrink1` FOREIGN KEY (`empresa_id`) REFERENCES `empresa` (`id`);

--
-- Constraints for table `departamento`
--
ALTER TABLE `departamento`
  ADD CONSTRAINT `departamento_ibfk_1` FOREIGN KEY (`region_id`) REFERENCES `region` (`id`);

--
-- Constraints for table `ecosistema`
--
ALTER TABLE `ecosistema`
  ADD CONSTRAINT `ecosistema_ibfk_1` FOREIGN KEY (`empresa_id`) REFERENCES `empresa` (`id`),
  ADD CONSTRAINT `ecosistema_ibfk_2` FOREIGN KEY (`opciones_id`) REFERENCES `opciones` (`id`);

--
-- Constraints for table `empresa`
--
ALTER TABLE `empresa`
  ADD CONSTRAINT `empresa_ibfk_6` FOREIGN KEY (`municipio_id`) REFERENCES `municipio` (`id`);

--
-- Constraints for table `empresa_empleado_edad`
--
ALTER TABLE `empresa_empleado_edad`
  ADD CONSTRAINT `empleado_edad_ibfk_2` FOREIGN KEY (`rango_edad_id`) REFERENCES `rango_edad` (`id`);

--
-- Constraints for table `empresa_empleado_sexo`
--
ALTER TABLE `empresa_empleado_sexo`
  ADD CONSTRAINT `empresa_empleado_sexo_ibfk_1` FOREIGN KEY (`empresa_id`) REFERENCES `empresa` (`id`);

--
-- Constraints for table `fas_otros_certificacion`
--
ALTER TABLE `fas_otros_certificacion`
  ADD CONSTRAINT `otro_cert_restrink1` FOREIGN KEY (`empresa_id`) REFERENCES `empresa` (`id`),
  ADD CONSTRAINT `otro_cert_restrink2` FOREIGN KEY (`etapa_id`) REFERENCES `etapa` (`id`);

--
-- Constraints for table `fas_otro_tenencia_tierra`
--
ALTER TABLE `fas_otro_tenencia_tierra`
  ADD CONSTRAINT `otro_tierra_restrink1` FOREIGN KEY (`empresa_id`) REFERENCES `empresa` (`id`);

--
-- Constraints for table `hv1_verificacion`
--
ALTER TABLE `hv1_verificacion`
  ADD CONSTRAINT `verificacion_1_restrink1` FOREIGN KEY (`empresa_id`) REFERENCES `empresa` (`id`),
  ADD CONSTRAINT `verificacion_1_restrink2` FOREIGN KEY (`opciones_id`) REFERENCES `opciones` (`id`);

--
-- Constraints for table `hv2_verificacion`
--
ALTER TABLE `hv2_verificacion`
  ADD CONSTRAINT `verificacion_2_restrink1` FOREIGN KEY (`empresa_id`) REFERENCES `empresa` (`id`),
  ADD CONSTRAINT `verificacion_2_restrink2` FOREIGN KEY (`opciones_id`) REFERENCES `opciones` (`id`),
  ADD CONSTRAINT `verificacion_2_restrink3` FOREIGN KEY (`calificacion_id`) REFERENCES `calificacion` (`id`);

--
-- Constraints for table `institucion`
--
ALTER TABLE `institucion`
  ADD CONSTRAINT `institucion_ibfk_1` FOREIGN KEY (`empresa_id`) REFERENCES `empresa` (`id`),
  ADD CONSTRAINT `institucion_ibfk_2` FOREIGN KEY (`orientacion_id`) REFERENCES `orientacion` (`id`);

--
-- Constraints for table `involucra`
--
ALTER TABLE `involucra`
  ADD CONSTRAINT `involucra_ibfk_1` FOREIGN KEY (`empresa_id`) REFERENCES `empresa` (`id`),
  ADD CONSTRAINT `involucra_ibfk_2` FOREIGN KEY (`opciones_id`) REFERENCES `opciones` (`id`);

--
-- Constraints for table `licencia`
--
ALTER TABLE `licencia`
  ADD CONSTRAINT `licencia_ibfk_1` FOREIGN KEY (`empresa_id`) REFERENCES `empresa` (`id`),
  ADD CONSTRAINT `licencia_ibfk_2` FOREIGN KEY (`opciones_id`) REFERENCES `opciones` (`id`),
  ADD CONSTRAINT `licencia_ibfk_3` FOREIGN KEY (`aplica_noaplica_id`) REFERENCES `aplica_noaplica` (`id`),
  ADD CONSTRAINT `licencia_ibfk_4` FOREIGN KEY (`cumple_nocumple_id`) REFERENCES `cumple_nocumple` (`id`);

--
-- Constraints for table `login`
--
ALTER TABLE `login`
  ADD CONSTRAINT `login_restrink1` FOREIGN KEY (`persona_id`) REFERENCES `persona` (`id`);

--
-- Constraints for table `municipio`
--
ALTER TABLE `municipio`
  ADD CONSTRAINT `municipio_ibfk_1` FOREIGN KEY (`departamento_id`) REFERENCES `departamento` (`id`);

--
-- Constraints for table `noticia`
--
ALTER TABLE `noticia`
  ADD CONSTRAINT `fk_img2` FOREIGN KEY (`id_img_page`) REFERENCES `img_page` (`id`);

--
-- Constraints for table `otros_conservacion`
--
ALTER TABLE `otros_conservacion`
  ADD CONSTRAINT `otro_conservacion_restrink1` FOREIGN KEY (`empresa_id`) REFERENCES `empresa` (`id`);

--
-- Constraints for table `otros_ecosistema`
--
ALTER TABLE `otros_ecosistema`
  ADD CONSTRAINT `otro_ecosistema_restrink1` FOREIGN KEY (`empresa_id`) REFERENCES `empresa` (`id`);

--
-- Constraints for table `otros_legislacion`
--
ALTER TABLE `otros_legislacion`
  ADD CONSTRAINT `otro_legislacion_restrink1` FOREIGN KEY (`empresa_id`) REFERENCES `empresa` (`id`),
  ADD CONSTRAINT `otro_legislacion_restrink2` FOREIGN KEY (`cumple_nocumple_id`) REFERENCES `cumple_nocumple` (`id`);

--
-- Constraints for table `otro_actividades`
--
ALTER TABLE `otro_actividades`
  ADD CONSTRAINT `otro_actividad_restrink1` FOREIGN KEY (`empresa_id`) REFERENCES `empresa` (`id`),
  ADD CONSTRAINT `otro_actividad_restrink2` FOREIGN KEY (`recurso_id`) REFERENCES `recurso` (`id`);

--
-- Constraints for table `otro_involucra`
--
ALTER TABLE `otro_involucra`
  ADD CONSTRAINT `otro_involucra_restrink1` FOREIGN KEY (`empresa_id`) REFERENCES `empresa` (`id`);

--
-- Constraints for table `otro_programa`
--
ALTER TABLE `otro_programa`
  ADD CONSTRAINT `otro_programa_restrink1` FOREIGN KEY (`empresa_id`) REFERENCES `empresa` (`id`);

--
-- Constraints for table `permiso`
--
ALTER TABLE `permiso`
  ADD CONSTRAINT `permiso_ibfk_1` FOREIGN KEY (`empresa_id`) REFERENCES `empresa` (`id`),
  ADD CONSTRAINT `permiso_ibfk_2` FOREIGN KEY (`opciones_id`) REFERENCES `opciones` (`id`),
  ADD CONSTRAINT `permiso_ibfk_3` FOREIGN KEY (`aplica_noaplica_id`) REFERENCES `aplica_noaplica` (`id`),
  ADD CONSTRAINT `permiso_ibfk_4` FOREIGN KEY (`cumple_nocumple_id`) REFERENCES `cumple_nocumple` (`id`);

--
-- Constraints for table `persona`
--
ALTER TABLE `persona`
  ADD CONSTRAINT `rol_restrink1` FOREIGN KEY (`rol_id`) REFERENCES `rol` (`id`),
  ADD CONSTRAINT `rol_restrink2` FOREIGN KEY (`area_id`) REFERENCES `area` (`id`);

--
-- Constraints for table `plan_manejo`
--
ALTER TABLE `plan_manejo`
  ADD CONSTRAINT `plan_manejo_ibfk_1` FOREIGN KEY (`empresa_id`) REFERENCES `empresa` (`id`),
  ADD CONSTRAINT `plan_manejo_ibfk_2` FOREIGN KEY (`opciones_id`) REFERENCES `opciones` (`id`),
  ADD CONSTRAINT `plan_manejo_ibfk_3` FOREIGN KEY (`aplica_noaplica_id`) REFERENCES `aplica_noaplica` (`id`),
  ADD CONSTRAINT `plan_manejo_ibfk_4` FOREIGN KEY (`cumple_nocumple_id`) REFERENCES `cumple_nocumple` (`id`);

--
-- Constraints for table `plan_mejora`
--
ALTER TABLE `plan_mejora`
  ADD CONSTRAINT `plan_mejora_restrink1` FOREIGN KEY (`opciones_id`) REFERENCES `opciones` (`id`),
  ADD CONSTRAINT `plan_mejora_restrink2` FOREIGN KEY (`empresa_id`) REFERENCES `empresa` (`id`);

--
-- Constraints for table `programa`
--
ALTER TABLE `programa`
  ADD CONSTRAINT `programa_ibfk_1` FOREIGN KEY (`empresa_id`) REFERENCES `empresa` (`id`),
  ADD CONSTRAINT `programa_ibfk_2` FOREIGN KEY (`opciones_id`) REFERENCES `opciones` (`id`);

--
-- Constraints for table `region`
--
ALTER TABLE `region`
  ADD CONSTRAINT `region_ibfk_1` FOREIGN KEY (`pais_id`) REFERENCES `pais` (`id`);

--
-- Constraints for table `registro`
--
ALTER TABLE `registro`
  ADD CONSTRAINT `registro_ibfk_1` FOREIGN KEY (`empresa_id`) REFERENCES `empresa` (`id`),
  ADD CONSTRAINT `registro_ibfk_2` FOREIGN KEY (`opciones_id`) REFERENCES `opciones` (`id`),
  ADD CONSTRAINT `registro_ibfk_3` FOREIGN KEY (`aplica_noaplica_id`) REFERENCES `aplica_noaplica` (`id`),
  ADD CONSTRAINT `registro_ibfk_4` FOREIGN KEY (`cumple_nocumple_id`) REFERENCES `cumple_nocumple` (`id`);

--
-- Constraints for table `sector`
--
ALTER TABLE `sector`
  ADD CONSTRAINT `categoria_id` FOREIGN KEY (`categoria_id`) REFERENCES `categoria` (`id`);

--
-- Constraints for table `slide`
--
ALTER TABLE `slide`
  ADD CONSTRAINT `slide1` FOREIGN KEY (`id_img_page`) REFERENCES `img_page` (`id`);

--
-- Constraints for table `sost_economica`
--
ALTER TABLE `sost_economica`
  ADD CONSTRAINT `sost_eco_restrink1` FOREIGN KEY (`empresa_id`) REFERENCES `empresa` (`id`),
  ADD CONSTRAINT `sost_eco_restrink2` FOREIGN KEY (`unidad_medida_id`) REFERENCES `unidad_medida` (`id`),
  ADD CONSTRAINT `sost_eco_restrink3` FOREIGN KEY (`si_no_id`) REFERENCES `si_no` (`id`);

--
-- Constraints for table `tenencia_tierra`
--
ALTER TABLE `tenencia_tierra`
  ADD CONSTRAINT `empresa_id_restrink` FOREIGN KEY (`empresa_id`) REFERENCES `empresa` (`id`),
  ADD CONSTRAINT `opciones_id_restrink` FOREIGN KEY (`opciones_id`) REFERENCES `opciones` (`id`);

--
-- Constraints for table `total_ventas`
--
ALTER TABLE `total_ventas`
  ADD CONSTRAINT `total_ventas_restrink` FOREIGN KEY (`empresa_id`) REFERENCES `empresa` (`id`);

--
-- Constraints for table `verificador`
--
ALTER TABLE `verificador`
  ADD CONSTRAINT `vrificador_relacion1` FOREIGN KEY (`empresa_id`) REFERENCES `empresa` (`id`);

--
-- Constraints for table `verificadorxempresa`
--
ALTER TABLE `verificadorxempresa`
  ADD CONSTRAINT `verificador_restrink1` FOREIGN KEY (`empresa_id`) REFERENCES `empresa` (`id`),
  ADD CONSTRAINT `verificador_restrink2` FOREIGN KEY (`persona_id`) REFERENCES `persona` (`id`);

/*!40101 SET CHARACTER_SET_CLIENT=@OLD_CHARACTER_SET_CLIENT */;
/*!40101 SET CHARACTER_SET_RESULTS=@OLD_CHARACTER_SET_RESULTS */;
/*!40101 SET COLLATION_CONNECTION=@OLD_COLLATION_CONNECTION */;
